FT_ID,lodgeNumber,lodgeType,year,trailLength,season
3569_FT02,3569,Lake,2017,16,springStatus
3569_FT07,3569,Lake,2017,24,springStatus
3569_FT08,3569,Lake,2017,27,springStatus
3569_FT09,3569,Lake,2017,26,springStatus
3569_FT12,3569,Lake,2017,19,springStatus
3569_FT13,3569,Lake,2017,13,springStatus
3569_FT14,3569,Lake,2017,17,springStatus
3569_FT15,3569,Lake,2017,23,springStatus
3569_FT16,3569,Lake,2017,31,springStatus
3569_FT17,3569,Lake,2017,20,springStatus
2985_FT05,2985,Pond,2017,27,springStatus
2985_FT08,2985,Pond,2017,6,springStatus
2985_FT09,2985,Pond,2017,9,springStatus
2985_FT10,2985,Pond,2017,7,springStatus
2985_FT11,2985,Pond,2017,4,springStatus
2985_FT14,2985,Pond,2017,20,springStatus
303_FT01,303,Pond,2017,8,springStatus
303_FT05,303,Pond,2017,67,springStatus
303_FT06,303,Pond,2017,64,springStatus
2326_FT01,2326,Pond,2017,6,springStatus
2326_FT02,2326,Pond,2017,7,springStatus
2326_FT03,2326,Pond,2017,6,springStatus
2326_FT05,2326,Pond,2017,10,springStatus
2326_FT06,2326,Pond,2017,8,springStatus
2326_FT07,2326,Pond,2017,6,springStatus
2326_FT08,2326,Pond,2017,6,springStatus
2326_FT09,2326,Pond,2017,8,springStatus
2326_FT10,2326,Pond,2017,5,springStatus
2326_FT11,2326,Pond,2017,6,springStatus
2326_FT12,2326,Pond,2017,6,springStatus
2326_FT13,2326,Pond,2017,3,springStatus
2326_FT14,2326,Pond,2017,8,springStatus
2326_FT15,2326,Pond,2017,5,springStatus
2326_FT16,2326,Pond,2017,6,springStatus
2326_FT17,2326,Pond,2017,7,springStatus
2326_FT18,2326,Pond,2017,8,springStatus
2326_FT19,2326,Pond,2017,5,springStatus
2326_FT20,2326,Pond,2017,5,springStatus
2326_FT21,2326,Pond,2017,5,springStatus
2326_FT22,2326,Pond,2017,4,springStatus
2326_FT23,2326,Pond,2017,4,springStatus
2326_FT24,2326,Pond,2017,7,springStatus
2326_FT25,2326,Pond,2017,10,springStatus
2326_FT31,2326,Pond,2017,9,springStatus
2326_FT32,2326,Pond,2017,5,springStatus
2326_FT33,2326,Pond,2017,4,springStatus
2326_FT34,2326,Pond,2017,6,springStatus
2326_FT35,2326,Pond,2017,9,springStatus
2326_FT36,2326,Pond,2017,8,springStatus
2326_FT37,2326,Pond,2017,6,springStatus
2326_FT38,2326,Pond,2017,6,springStatus
2326_FT39,2326,Pond,2017,7,springStatus
2326_FT40,2326,Pond,2017,16,springStatus
2326_FT41,2326,Pond,2017,6,springStatus
2326_FT51,2326,Pond,2017,4,springStatus
2326_FT52,2326,Pond,2017,6,springStatus
2326_FT53,2326,Pond,2017,10,springStatus
2326_FT54,2326,Pond,2017,6,springStatus
2326_FT55,2326,Pond,2017,5,springStatus
2326_FT56,2326,Pond,2017,4,springStatus
2326_FT57,2326,Pond,2017,14,springStatus
2326_FT58,2326,Pond,2017,12,springStatus
2326_FT59,2326,Pond,2017,4,springStatus
2326_FT60,2326,Pond,2017,4,springStatus
2326_FT61,2326,Pond,2017,4,springStatus
2326_FT62,2326,Pond,2017,5,springStatus
2326_FT63,2326,Pond,2017,5,springStatus
2326_FT69,2326,Pond,2017,5,springStatus
2326_FT70,2326,Pond,2017,6,springStatus
2326_FT73,2326,Pond,2017,4,springStatus
2326_FT76,2326,Pond,2017,3,springStatus
2326_FT77,2326,Pond,2017,2,springStatus
2326_FT81,2326,Pond,2017,7,springStatus
2326_FT82,2326,Pond,2017,5,springStatus
2326_FT86,2326,Pond,2017,12,springStatus
2326_FT89,2326,Pond,2017,4,springStatus
2326_FT91,2326,Pond,2017,10,springStatus
2326_FT93,2326,Pond,2017,2,springStatus
2326_FT94,2326,Pond,2017,7,springStatus
2326_FT95,2326,Pond,2017,8,springStatus
2326_FT96,2326,Pond,2017,11,springStatus
2326_FT97,2326,Pond,2017,4,springStatus
2326_FT99,2326,Pond,2017,9,springStatus
2326_FT100,2326,Pond,2017,17,springStatus
2326_FT121,2326,Pond,2017,20,springStatus
2326_FT101,2326,Pond,2017,14,springStatus
2326_FT102,2326,Pond,2017,24,springStatus
2326_FT103,2326,Pond,2017,4,springStatus
2326_FT104,2326,Pond,2017,5,springStatus
2326_FT105,2326,Pond,2017,4,springStatus
2326_FT108,2326,Pond,2017,5,springStatus
2326_FT109,2326,Pond,2017,10,springStatus
2326_FT110,2326,Pond,2017,6,springStatus
2326_FT111,2326,Pond,2017,4,springStatus
2326_FT113,2326,Pond,2017,6,springStatus
2326_FT114,2326,Pond,2017,10,springStatus
2326_FT116,2326,Pond,2017,10,springStatus
2326_FT117,2326,Pond,2017,6,springStatus
2326_FT118,2326,Pond,2017,8,springStatus
2326_FT119,2326,Pond,2017,9,springStatus
2326_FT120,2326,Pond,2017,7,springStatus
2326_FT122,2326,Pond,2017,7,springStatus
2326_FT123,2326,Pond,2017,6,springStatus
2326_FT124,2326,Pond,2017,4,springStatus
2326_FT125,2326,Pond,2017,11,springStatus
2326_FT126,2326,Pond,2017,5,springStatus
2326_FT127,2326,Pond,2017,15,springStatus
2326_FT128,2326,Pond,2017,11,springStatus
2326_FT129,2326,Pond,2017,5,springStatus
2326_FT130,2326,Pond,2017,4,springStatus
2326_FT131,2326,Pond,2017,5,springStatus
2326_FT132,2326,Pond,2017,8,springStatus
2326_FT133,2326,Pond,2017,4,springStatus
2326_FT138,2326,Pond,2017,12,springStatus
2326_FT139,2326,Pond,2017,13,springStatus
2326_FT140,2326,Pond,2017,5,springStatus
2326_FT141,2326,Pond,2017,4,springStatus
2326_FT142,2326,Pond,2017,5,springStatus
2326_FT143,2326,Pond,2017,9,springStatus
2326_FT144,2326,Pond,2017,10,springStatus
2326_FT145,2326,Pond,2017,5,springStatus
2326_FT146,2326,Pond,2017,4,springStatus
2326_FT147,2326,Pond,2017,9,springStatus
2326_FT148,2326,Pond,2017,8,springStatus
2326_FT149,2326,Pond,2017,6,springStatus
2326_FT150,2326,Pond,2017,8,springStatus
2326_FT151,2326,Pond,2017,11,springStatus
2326_FT152,2326,Pond,2017,14,springStatus
2326_FT153,2326,Pond,2017,19,springStatus
2326_FT155,2326,Pond,2017,28,springStatus
2326_FT156,2326,Pond,2017,27,springStatus
2326_FT157,2326,Pond,2017,27,springStatus
2326_FT158,2326,Pond,2017,3,springStatus
2326_FT159,2326,Pond,2017,28,springStatus
2326_FT160,2326,Pond,2017,27,springStatus
2326_FT161,2326,Pond,2017,12,springStatus
2326_FT162,2326,Pond,2017,11,springStatus
2326_FT164,2326,Pond,2017,20,springStatus
2326_FT165,2326,Pond,2017,13,springStatus
2326_FT166,2326,Pond,2017,9,springStatus
2326_FT167,2326,Pond,2017,19,springStatus
2303_FT01,2303,Pond,2017,10,springStatus
2303_FT02,2303,Pond,2017,6,springStatus
2303_FT03,2303,Pond,2017,9,springStatus
2303_FT04,2303,Pond,2017,8,springStatus
2303_FT05,2303,Pond,2017,7,springStatus
2303_FT06,2303,Pond,2017,12,springStatus
2303_FT07,2303,Pond,2017,5,springStatus
2303_FT08,2303,Pond,2017,6,springStatus
2303_FT09,2303,Pond,2017,6,springStatus
2303_FT10,2303,Pond,2017,6,springStatus
2303_FT11,2303,Pond,2017,5,springStatus
2303_FT25,2303,Pond,2017,7,springStatus
2303_FT26,2303,Pond,2017,5,springStatus
2303_FT27,2303,Pond,2017,3,springStatus
2303_FT28,2303,Pond,2017,5,springStatus
2303_FT29,2303,Pond,2017,7,springStatus
2303_FT30,2303,Pond,2017,9,springStatus
2303_FT31,2303,Pond,2017,5,springStatus
2303_FT32,2303,Pond,2017,5,springStatus
2303_FT33,2303,Pond,2017,7,springStatus
2303_FT34,2303,Pond,2017,6,springStatus
2303_FT35,2303,Pond,2017,3,springStatus
2303_FT36,2303,Pond,2017,2,springStatus
2303_FT39,2303,Pond,2017,17,springStatus
2303_FT43,2303,Pond,2017,6,springStatus
2303_FT44,2303,Pond,2017,5,springStatus
1019_FT02,1019,Lake,2017,5,springStatus
1019_FT03,1019,Lake,2017,3,springStatus
1019_FT04,1019,Lake,2017,5,springStatus
1019_FT07,1019,Lake,2017,5,springStatus
1019_FT08,1019,Lake,2017,7,springStatus
1019_FT09,1019,Lake,2017,3,springStatus
1019_FT10,1019,Lake,2017,3,springStatus
1019_FT11,1019,Lake,2017,3,springStatus
1019_FT12,1019,Lake,2017,4,springStatus
1019_FT18,1019,Lake,2017,11,springStatus
1019_FT19,1019,Lake,2017,13,springStatus
1019_FT20,1019,Lake,2017,10,springStatus
1019_FT22,1019,Lake,2017,8,springStatus
1019_FT98,1019,Lake,2017,14,springStatus
1019_FT28,1019,Lake,2017,5,springStatus
1019_FT34,1019,Lake,2017,5,springStatus
1019_FT35,1019,Lake,2017,35,springStatus
1019_FT36,1019,Lake,2017,9,springStatus
1019_FT43,1019,Lake,2017,7,springStatus
1019_FT44,1019,Lake,2017,11,springStatus
1019_FT45,1019,Lake,2017,6,springStatus
1019_FT46,1019,Lake,2017,4,springStatus
1019_FT47,1019,Lake,2017,9,springStatus
1019_FT50,1019,Lake,2017,12,springStatus
1019_FT51,1019,Lake,2017,15,springStatus
1019_FT52,1019,Lake,2017,6,springStatus
1019_FT54,1019,Lake,2017,14,springStatus
1019_FT56,1019,Lake,2017,15,springStatus
1019_FT57,1019,Lake,2017,13,springStatus
1019_FT59,1019,Lake,2017,6,springStatus
1019_FT60,1019,Lake,2017,5,springStatus
1019_FT61,1019,Lake,2017,10,springStatus
1019_FT62,1019,Lake,2017,13,springStatus
1019_FT64,1019,Lake,2017,4,springStatus
1019_FT65,1019,Lake,2017,7,springStatus
3550_FT01,3550,Lake,2017,2,springStatus
3550_FT02,3550,Lake,2017,10,springStatus
3550_FT03,3550,Lake,2017,21,springStatus
3550_FT04,3550,Lake,2017,44,springStatus
3550_FT05,3550,Lake,2017,29,springStatus
3550_FT06,3550,Lake,2017,20,springStatus
3550_FT07,3550,Lake,2017,19,springStatus
3550_FT12,3550,Lake,2017,63,springStatus
3550_FT13,3550,Lake,2017,49,springStatus
3550_FT16,3550,Lake,2017,60,springStatus
3550_FT17,3550,Lake,2017,32,springStatus
3550_FT18,3550,Lake,2017,45,springStatus
3557_FT03,3557,Pond,2017,14,springStatus
3557_FT07,3557,Pond,2017,22,springStatus
3557_FT08,3557,Pond,2017,18,springStatus
3557_FT10,3557,Pond,2017,19,springStatus
3557_FT11,3557,Pond,2017,9,springStatus
3557_FT14,3557,Pond,2017,14,springStatus
3557_FT43,3557,Pond,2017,10,springStatus
3557_FT17,3557,Pond,2017,8,springStatus
3557_FT18,3557,Pond,2017,10,springStatus
3557_FT19,3557,Pond,2017,8,springStatus
3557_FT20,3557,Pond,2017,11,springStatus
3557_FT22,3557,Pond,2017,8,springStatus
3557_FT23,3557,Pond,2017,18,springStatus
3557_FT27,3557,Pond,2017,11,springStatus
3557_FT28,3557,Pond,2017,14,springStatus
3557_FT29,3557,Pond,2017,6,springStatus
3557_FT30,3557,Pond,2017,8,springStatus
3557_FT31,3557,Pond,2017,4,springStatus
3557_FT32,3557,Pond,2017,4,springStatus
3557_FT34,3557,Pond,2017,11,springStatus
2288_FT04,2288,Pond,2017,5,springStatus
2288_FT05,2288,Pond,2017,5,springStatus
2288_FT12,2288,Pond,2017,4,springStatus
2288_FT30,2288,Pond,2017,6,springStatus
2288_FT32,2288,Pond,2017,8,springStatus
2288_FT33,2288,Pond,2017,15,springStatus
2288_FT34,2288,Pond,2017,12,springStatus
2288_FT35,2288,Pond,2017,15,springStatus
2288_FT36,2288,Pond,2017,6,springStatus
2288_FT37,2288,Pond,2017,11,springStatus
2288_FT38,2288,Pond,2017,10,springStatus
2288_FT39,2288,Pond,2017,2,springStatus
2286_FT12,2286,Pond,2017,4,springStatus
2286_FT13,2286,Pond,2017,6,springStatus
2286_FT14,2286,Pond,2017,11,springStatus
2286_FT15,2286,Pond,2017,5,springStatus
3821_FT01,3821,Pond,2017,15,springStatus
3821_FT02,3821,Pond,2017,8,springStatus
3821_FT03,3821,Pond,2017,5,springStatus
3821_FT04,3821,Pond,2017,4,springStatus
3821_FT06,3821,Pond,2017,6,springStatus
3821_FT07,3821,Pond,2017,8,springStatus
3821_FT08,3821,Pond,2017,7,springStatus
3821_FT12,3821,Pond,2017,7,springStatus
3566_FT01,3566,Lake,2017,5,springStatus
3566_FT02,3566,Lake,2017,4,springStatus
3566_FT04,3566,Lake,2017,6,springStatus
3566_FT11,3566,Lake,2017,8,springStatus
3566_FT12,3566,Lake,2017,9,springStatus
3566_FT13,3566,Lake,2017,14,springStatus
3566_FT22,3566,Lake,2017,21,springStatus
3566_FT23,3566,Lake,2017,15,springStatus
3211_FT04,3211,Lake,2017,7,springStatus
3211_FT05,3211,Lake,2017,10,springStatus
3211_FT07,3211,Lake,2017,18,springStatus
3211_FT08,3211,Lake,2017,3,springStatus
1007_FT01,1007,Lake,2018,7,springStatus
1007_FT04,1007,Lake,2018,22,springStatus
1007_FT05,1007,Lake,2018,7,springStatus
1007_FT06,1007,Lake,2018,11,springStatus
1007_FT07,1007,Lake,2018,9,springStatus
1007_FT08,1007,Lake,2018,13,springStatus
1007_FT09,1007,Lake,2018,24,springStatus
1007_FT10,1007,Lake,2018,13,springStatus
1007_FT11,1007,Lake,2018,12,springStatus
1007_FT12,1007,Lake,2018,10,springStatus
1007_FT13,1007,Lake,2018,4,springStatus
1007_FT15,1007,Lake,2018,8,springStatus
1007_FT16,1007,Lake,2018,10,springStatus
1007_FT17,1007,Lake,2018,13,springStatus
1007_FT18,1007,Lake,2018,11,springStatus
3224_FT02,3224,Pond,2018,13,springStatus
3224_FT03,3224,Pond,2018,11,springStatus
3224_FT04,3224,Pond,2018,9,springStatus
3224_FT06,3224,Pond,2018,30,springStatus
3224_FT07,3224,Pond,2018,18,springStatus
3224_FT08,3224,Pond,2018,28,springStatus
3224_FT10,3224,Pond,2018,9,springStatus
3224_FT11,3224,Pond,2018,13,springStatus
3224_FT12,3224,Pond,2018,11,springStatus
3224_FT13,3224,Pond,2018,14,springStatus
3224_FT14,3224,Pond,2018,21,springStatus
3224_FT15,3224,Pond,2018,19,springStatus
3224_FT16,3224,Pond,2018,32,springStatus
1096_FT01,1096,Lake,2018,13,springStatus
1096_FT02,1096,Lake,2018,16,springStatus
1096_FT03,1096,Lake,2018,37,springStatus
1115_FT01,1115,Pond,2018,6,springStatus
1115_FT02,1115,Pond,2018,9,springStatus
1115_FT03,1115,Pond,2018,6,springStatus
1115_FT04,1115,Pond,2018,11,springStatus
1115_FT06,1115,Pond,2018,10,springStatus
1115_FT07,1115,Pond,2018,6,springStatus
1115_FT08,1115,Pond,2018,31,springStatus
1115_FT10,1115,Pond,2018,18,springStatus
3558_FT01,3558,Pond,2018,6,springStatus
3558_FT02,3558,Pond,2018,7,springStatus
3558_FT03,3558,Pond,2018,4,springStatus
3558_FT04,3558,Pond,2018,7,springStatus
3558_FT05,3558,Pond,2018,5,springStatus
3558_FT06,3558,Pond,2018,5,springStatus
3558_FT07,3558,Pond,2018,6,springStatus
3558_FT08,3558,Pond,2018,8,springStatus
3558_FT09,3558,Pond,2018,6,springStatus
3558_FT10,3558,Pond,2018,8,springStatus
3558_FT12,3558,Pond,2018,4,springStatus
3558_FT13,3558,Pond,2018,5,springStatus
3558_FT14,3558,Pond,2018,13,springStatus
3558_FT15,3558,Pond,2018,7,springStatus
3558_FT18,3558,Pond,2018,13,springStatus
3558_FT19,3558,Pond,2018,8,springStatus
3558_FT20,3558,Pond,2018,10,springStatus
1152_FT01,1152,Pond,2018,6,springStatus
1152_FT02,1152,Pond,2018,8,springStatus
1152_FT03,1152,Pond,2018,3,springStatus
1152_FT04,1152,Pond,2018,55,springStatus
1152_FT07,1152,Pond,2018,11,springStatus
1152_FT08,1152,Pond,2018,9,springStatus
1152_FT09,1152,Pond,2018,5,springStatus
1152_FT11,1152,Pond,2018,9,springStatus
1152_FT12,1152,Pond,2018,14,springStatus
1152_FT13,1152,Pond,2018,4,springStatus
1519_FT02,1519,Lake,2018,17,springStatus
1794_FT01,1794,Lake,2018,10,springStatus
1794_FT02,1794,Lake,2018,8,springStatus
1794_FT03,1794,Lake,2018,8,springStatus
1794_FT04,1794,Lake,2018,4,springStatus
1794_FT05,1794,Lake,2018,24,springStatus
1794_FT07,1794,Lake,2018,8,springStatus
1794_FT08,1794,Lake,2018,6,springStatus
1794_FT09,1794,Lake,2018,4,springStatus
1794_FT10,1794,Lake,2018,10,springStatus
3898_FT03,3898,Lake,2018,3,springStatus
3898_FT04,3898,Lake,2018,3,springStatus
3898_FT05,3898,Lake,2018,16,springStatus
3898_FT07,3898,Lake,2018,4,springStatus
3348_FT01,3348,Lake,2018,14,springStatus
3348_FT02,3348,Lake,2018,20,springStatus
3348_FT03,3348,Lake,2018,10,springStatus
3348_FT04,3348,Lake,2018,8,springStatus
3348_FT05,3348,Lake,2018,11,springStatus
3348_FT06,3348,Lake,2018,4,springStatus
3348_FT07,3348,Lake,2018,6,springStatus
3348_FT08,3348,Lake,2018,9,springStatus
3348_FT09,3348,Lake,2018,8,springStatus
3348_FT10,3348,Lake,2018,6,springStatus
3348_FT11,3348,Lake,2018,3,springStatus
3348_FT12,3348,Lake,2018,5,springStatus
3348_FT13,3348,Lake,2018,4,springStatus
3348_FT14,3348,Lake,2018,19,springStatus
3348_FT15,3348,Lake,2018,31,springStatus
3348_FT16,3348,Lake,2018,6,springStatus
3348_FT17,3348,Lake,2018,24,springStatus
3348_FT18,3348,Lake,2018,20,springStatus
3348_FT19,3348,Lake,2018,34,springStatus
3348_FT20,3348,Lake,2018,33,springStatus
3348_FT21,3348,Lake,2018,33,springStatus
3348_FT22,3348,Lake,2018,6,springStatus
3348_FT23,3348,Lake,2018,18,springStatus
3348_FT24,3348,Lake,2018,26,springStatus
3348_FT25,3348,Lake,2018,7,springStatus
3348_FT26,3348,Lake,2018,15,springStatus
3348_FT27,3348,Lake,2018,20,springStatus
3348_FT28,3348,Lake,2018,11,springStatus
1282_FT01,1282,Lake,2018,80,springStatus
1282_FT02,1282,Lake,2018,6,springStatus
1282_FT03,1282,Lake,2018,9,springStatus
1282_FT04,1282,Lake,2018,12,springStatus
1282_FT05,1282,Lake,2018,22,springStatus
1282_FT06,1282,Lake,2018,5,springStatus
1282_FT07,1282,Lake,2018,15,springStatus
1282_FT09,1282,Lake,2018,6,springStatus
1282_FT10,1282,Lake,2018,10,springStatus
1282_FT11,1282,Lake,2018,11,springStatus
1282_FT12,1282,Lake,2018,16,springStatus
1282_FT13,1282,Lake,2018,6,springStatus
1282_FT14,1282,Lake,2018,66,springStatus
1282_FT15,1282,Lake,2018,8,springStatus
1282_FT16,1282,Lake,2018,9,springStatus
1282_FT17,1282,Lake,2018,9,springStatus
1282_FT18,1282,Lake,2018,7,springStatus
1107_FT01,1107,Pond,2018,42,springStatus
1107_FT03,1107,Pond,2018,15,springStatus
1107_FT04,1107,Pond,2018,18,springStatus
1107_FT05,1107,Pond,2018,17,springStatus
1107_FT06,1107,Pond,2018,6,springStatus
1107_FT07,1107,Pond,2018,19,springStatus
3569_FT06,3569,Lake,2017,22,summerStatus
3569_FT07,3569,Lake,2017,24,summerStatus
3569_FT08,3569,Lake,2017,27,summerStatus
3569_FT09,3569,Lake,2017,26,summerStatus
3569_FT11,3569,Lake,2017,23,summerStatus
3569_FT12,3569,Lake,2017,19,summerStatus
3569_FT16,3569,Lake,2017,31,summerStatus
3569_FT20,3569,Lake,2017,14,summerStatus
3569_FT23,3569,Lake,2017,12,summerStatus
3569_FT24,3569,Lake,2017,11,summerStatus
3569_FT25,3569,Lake,2017,16,summerStatus
2985_FT02,2985,Pond,2017,17,summerStatus
2985_FT03,2985,Pond,2017,15,summerStatus
2985_FT04,2985,Pond,2017,11,summerStatus
2985_FT05,2985,Pond,2017,27,summerStatus
2985_FT09,2985,Pond,2017,9,summerStatus
2985_FT17,2985,Pond,2017,5,summerStatus
2985_FT18,2985,Pond,2017,3,summerStatus
2985_FT20,2985,Pond,2017,14,summerStatus
2985_FT21,2985,Pond,2017,11,summerStatus
2985_FT22,2985,Pond,2017,17,summerStatus
2985_FT23,2985,Pond,2017,12,summerStatus
2985_FT24,2985,Pond,2017,23,summerStatus
2985_FT25,2985,Pond,2017,18,summerStatus
2985_FT27,2985,Pond,2017,12,summerStatus
2985_FT28,2985,Pond,2017,4,summerStatus
2985_FT29,2985,Pond,2017,15,summerStatus
2985_FT30,2985,Pond,2017,11,summerStatus
2985_FT31,2985,Pond,2017,7,summerStatus
2985_FT32,2985,Pond,2017,11,summerStatus
2985_FT33,2985,Pond,2017,11,summerStatus
303_FT02,303,Pond,2017,12,summerStatus
303_FT08,303,Pond,2017,6,summerStatus
303_FT09,303,Pond,2017,8,summerStatus
303_FT10,303,Pond,2017,14,summerStatus
303_FT11,303,Pond,2017,24,summerStatus
303_FT12,303,Pond,2017,15,summerStatus
2326_FT01,2326,Pond,2017,6,summerStatus
2326_FT02,2326,Pond,2017,7,summerStatus
2326_FT03,2326,Pond,2017,6,summerStatus
2326_FT05,2326,Pond,2017,10,summerStatus
2326_FT07,2326,Pond,2017,6,summerStatus
2326_FT12,2326,Pond,2017,6,summerStatus
2326_FT13,2326,Pond,2017,3,summerStatus
2326_FT17,2326,Pond,2017,7,summerStatus
2326_FT18,2326,Pond,2017,8,summerStatus
2326_FT19,2326,Pond,2017,5,summerStatus
2326_FT20,2326,Pond,2017,5,summerStatus
2326_FT23,2326,Pond,2017,4,summerStatus
2326_FT25,2326,Pond,2017,10,summerStatus
2326_FT28,2326,Pond,2017,4,summerStatus
2326_FT30,2326,Pond,2017,4,summerStatus
2326_FT31,2326,Pond,2017,9,summerStatus
2326_FT32,2326,Pond,2017,5,summerStatus
2326_FT33,2326,Pond,2017,4,summerStatus
2326_FT36,2326,Pond,2017,8,summerStatus
2326_FT52,2326,Pond,2017,6,summerStatus
2326_FT54,2326,Pond,2017,6,summerStatus
2326_FT56,2326,Pond,2017,4,summerStatus
2326_FT67,2326,Pond,2017,4,summerStatus
2326_FT68,2326,Pond,2017,6,summerStatus
2326_FT69,2326,Pond,2017,5,summerStatus
2326_FT74,2326,Pond,2017,6,summerStatus
2326_FT76,2326,Pond,2017,3,summerStatus
2326_FT78,2326,Pond,2017,7,summerStatus
2326_FT81,2326,Pond,2017,7,summerStatus
2326_FT117,2326,Pond,2017,6,summerStatus
2326_FT127,2326,Pond,2017,15,summerStatus
2326_FT128,2326,Pond,2017,11,summerStatus
2326_FT135,2326,Pond,2017,9,summerStatus
2326_FT138,2326,Pond,2017,12,summerStatus
2326_FT142,2326,Pond,2017,5,summerStatus
2326_FT146,2326,Pond,2017,4,summerStatus
2326_FT149,2326,Pond,2017,6,summerStatus
2326_FT155,2326,Pond,2017,28,summerStatus
2326_FT157,2326,Pond,2017,27,summerStatus
2326_FT160,2326,Pond,2017,27,summerStatus
2326_FT162,2326,Pond,2017,11,summerStatus
2326_FT168,2326,Pond,2017,8,summerStatus
2326_FT169,2326,Pond,2017,15,summerStatus
2326_FT170,2326,Pond,2017,12,summerStatus
2303_FT03,2303,Pond,2017,9,summerStatus
2303_FT05,2303,Pond,2017,7,summerStatus
2303_FT08,2303,Pond,2017,6,summerStatus
2303_FT09,2303,Pond,2017,6,summerStatus
2303_FT10,2303,Pond,2017,6,summerStatus
2303_FT14,2303,Pond,2017,8,summerStatus
2303_FT19,2303,Pond,2017,13,summerStatus
2303_FT25,2303,Pond,2017,7,summerStatus
2303_FT31,2303,Pond,2017,5,summerStatus
2303_FT36,2303,Pond,2017,2,summerStatus
2303_FT37,2303,Pond,2017,6,summerStatus
2303_FT38,2303,Pond,2017,9,summerStatus
2303_FT39,2303,Pond,2017,17,summerStatus
2303_FT41,2303,Pond,2017,4,summerStatus
2303_FT42,2303,Pond,2017,10,summerStatus
2303_FT43,2303,Pond,2017,6,summerStatus
2303_FT44,2303,Pond,2017,5,summerStatus
2303_FT45,2303,Pond,2017,11,summerStatus
1019_FT15,1019,Lake,2017,12,summerStatus
1019_FT22,1019,Lake,2017,8,summerStatus
1019_FT24,1019,Lake,2017,7,summerStatus
1019_FT29,1019,Lake,2017,5,summerStatus
1019_FT33,1019,Lake,2017,13,summerStatus
1019_FT36,1019,Lake,2017,9,summerStatus
1019_FT37,1019,Lake,2017,12,summerStatus
1019_FT42,1019,Lake,2017,8,summerStatus
1019_FT43,1019,Lake,2017,7,summerStatus
1019_FT44,1019,Lake,2017,11,summerStatus
1019_FT47,1019,Lake,2017,9,summerStatus
1019_FT48,1019,Lake,2017,17,summerStatus
1019_FT49,1019,Lake,2017,9,summerStatus
1019_FT51,1019,Lake,2017,15,summerStatus
1019_FT52,1019,Lake,2017,6,summerStatus
1019_FT53,1019,Lake,2017,4,summerStatus
1019_FT54,1019,Lake,2017,14,summerStatus
1019_FT55,1019,Lake,2017,8,summerStatus
1019_FT56,1019,Lake,2017,15,summerStatus
1019_FT59,1019,Lake,2017,6,summerStatus
1019_FT61,1019,Lake,2017,10,summerStatus
1019_FT63,1019,Lake,2017,12,summerStatus
1019_FT64,1019,Lake,2017,4,summerStatus
1019_FT65,1019,Lake,2017,7,summerStatus
1019_FT66,1019,Lake,2017,7,summerStatus
1019_FT67,1019,Lake,2017,8,summerStatus
1019_FT68,1019,Lake,2017,17,summerStatus
1019_FT69,1019,Lake,2017,11,summerStatus
1019_FT70,1019,Lake,2017,6,summerStatus
3550_FT02,3550,Lake,2017,10,summerStatus
3550_FT03,3550,Lake,2017,21,summerStatus
3550_FT04,3550,Lake,2017,44,summerStatus
3550_FT07,3550,Lake,2017,19,summerStatus
3550_FT11,3550,Lake,2017,16,summerStatus
3550_FT12,3550,Lake,2017,63,summerStatus
3550_FT13,3550,Lake,2017,49,summerStatus
3550_FT15,3550,Lake,2017,29,summerStatus
3550_FT21,3550,Lake,2017,24,summerStatus
3550_FT22,3550,Lake,2017,9,summerStatus
3550_FT23,3550,Lake,2017,21,summerStatus
3550_FT24,3550,Lake,2017,18,summerStatus
3550_FT25,3550,Lake,2017,12,summerStatus
3550_FT26,3550,Lake,2017,23,summerStatus
3550_FT27,3550,Lake,2017,17,summerStatus
3550_FT28,3550,Lake,2017,14,summerStatus
3557_FT01,3557,Pond,2017,12,summerStatus
3557_FT03,3557,Pond,2017,14,summerStatus
3557_FT04,3557,Pond,2017,14,summerStatus
3557_FT05,3557,Pond,2017,17,summerStatus
3557_FT42,3557,Pond,2017,17,summerStatus
3557_FT07,3557,Pond,2017,22,summerStatus
3557_FT08,3557,Pond,2017,18,summerStatus
3557_FT09,3557,Pond,2017,6,summerStatus
3557_FT10,3557,Pond,2017,19,summerStatus
3557_FT11,3557,Pond,2017,9,summerStatus
3557_FT13,3557,Pond,2017,12,summerStatus
3557_FT14,3557,Pond,2017,14,summerStatus
3557_FT43,3557,Pond,2017,10,summerStatus
3557_FT15,3557,Pond,2017,5,summerStatus
3557_FT19,3557,Pond,2017,8,summerStatus
3557_FT20,3557,Pond,2017,11,summerStatus
3557_FT24,3557,Pond,2017,26,summerStatus
3557_FT25,3557,Pond,2017,14,summerStatus
3557_FT26,3557,Pond,2017,8,summerStatus
3557_FT28,3557,Pond,2017,14,summerStatus
3557_FT29,3557,Pond,2017,6,summerStatus
3557_FT33,3557,Pond,2017,17,summerStatus
3557_FT34,3557,Pond,2017,11,summerStatus
3557_FT35,3557,Pond,2017,8,summerStatus
3557_FT36,3557,Pond,2017,10,summerStatus
3557_FT37,3557,Pond,2017,19,summerStatus
3557_FT38,3557,Pond,2017,8,summerStatus
2288_FT02,2288,Pond,2017,7,summerStatus
2288_FT03,2288,Pond,2017,8,summerStatus
2288_FT04,2288,Pond,2017,5,summerStatus
2288_FT06,2288,Pond,2017,6,summerStatus
2288_FT07,2288,Pond,2017,3,summerStatus
2288_FT09,2288,Pond,2017,4,summerStatus
2288_FT11,2288,Pond,2017,6,summerStatus
2288_FT12,2288,Pond,2017,4,summerStatus
2288_FT14,2288,Pond,2017,10,summerStatus
2288_FT49,2288,Pond,2017,10,summerStatus
2288_FT16,2288,Pond,2017,9,summerStatus
2288_FT20,2288,Pond,2017,18,summerStatus
2288_FT33,2288,Pond,2017,15,summerStatus
2288_FT37,2288,Pond,2017,11,summerStatus
2288_FT40,2288,Pond,2017,18,summerStatus
2288_FT41,2288,Pond,2017,10,summerStatus
2288_FT42,2288,Pond,2017,10,summerStatus
2288_FT43,2288,Pond,2017,12,summerStatus
2288_FT44,2288,Pond,2017,12,summerStatus
2288_FT45,2288,Pond,2017,20,summerStatus
2288_FT46,2288,Pond,2017,22,summerStatus
1058_FT01,1058,Lake,2017,8,summerStatus
1058_FT02,1058,Lake,2017,4,summerStatus
1058_FT03,1058,Lake,2017,6,summerStatus
1058_FT04,1058,Lake,2017,6,summerStatus
1058_FT05,1058,Lake,2017,14,summerStatus
1058_FT06,1058,Lake,2017,6,summerStatus
1058_FT07,1058,Lake,2017,4,summerStatus
1058_FT08,1058,Lake,2017,4,summerStatus
1058_FT09,1058,Lake,2017,13,summerStatus
1058_FT10,1058,Lake,2017,22,summerStatus
1058_FT11,1058,Lake,2017,11,summerStatus
1180_FT01,1180,Lake,2017,19,summerStatus
1180_FT02,1180,Lake,2017,6,summerStatus
1180_FT03,1180,Lake,2017,18,summerStatus
1180_FT05,1180,Lake,2017,20,summerStatus
1180_FT06,1180,Lake,2017,7,summerStatus
1180_FT07,1180,Lake,2017,10,summerStatus
1180_FT08,1180,Lake,2017,11,summerStatus
1180_FT09,1180,Lake,2017,19,summerStatus
1066_FT01,1066,Lake,2017,46,summerStatus
1066_FT02,1066,Lake,2017,11,summerStatus
1007_FT19,1007,Lake,2018,13,summerStatus
1007_FT20,1007,Lake,2018,4,summerStatus
1007_FT21,1007,Lake,2018,12,summerStatus
1007_FT22,1007,Lake,2018,4,summerStatus
1007_FT23,1007,Lake,2018,6,summerStatus
1007_FT24,1007,Lake,2018,15,summerStatus
1007_FT25,1007,Lake,2018,9,summerStatus
1007_FT26,1007,Lake,2018,8,summerStatus
3224_FT02,3224,Pond,2018,13,summerStatus
3224_FT04,3224,Pond,2018,9,summerStatus
3224_FT07,3224,Pond,2018,18,summerStatus
3224_FT08,3224,Pond,2018,28,summerStatus
3224_FT09,3224,Pond,2018,11,summerStatus
3224_FT13,3224,Pond,2018,14,summerStatus
3224_FT16,3224,Pond,2018,32,summerStatus
3224_FT17,3224,Pond,2018,6,summerStatus
3224_FT18,3224,Pond,2018,5,summerStatus
3224_FT19,3224,Pond,2018,6,summerStatus
3224_FT20,3224,Pond,2018,4,summerStatus
3224_FT21,3224,Pond,2018,8,summerStatus
3224_FT22,3224,Pond,2018,20,summerStatus
3224_FT23,3224,Pond,2018,21,summerStatus
3224_FT24,3224,Pond,2018,18,summerStatus
1115_FT13,1115,Pond,2018,9,summerStatus
1115_FT14,1115,Pond,2018,10,summerStatus
1115_FT15,1115,Pond,2018,30,summerStatus
3558_FT02,3558,Pond,2018,7,summerStatus
3558_FT03,3558,Pond,2018,4,summerStatus
3558_FT06,3558,Pond,2018,5,summerStatus
3558_FT07,3558,Pond,2018,6,summerStatus
3558_FT13,3558,Pond,2018,5,summerStatus
3558_FT14,3558,Pond,2018,13,summerStatus
3558_FT15,3558,Pond,2018,7,summerStatus
3558_FT16,3558,Pond,2018,19,summerStatus
3558_FT21,3558,Pond,2018,12,summerStatus
3558_FT22,3558,Pond,2018,19,summerStatus
3558_FT23,3558,Pond,2018,10,summerStatus
3558_FT24,3558,Pond,2018,8,summerStatus
1152_FT14,1152,Pond,2018,9,summerStatus
1152_FT15,1152,Pond,2018,14,summerStatus
1152_FT17,1152,Pond,2018,4,summerStatus
1152_FT18,1152,Pond,2018,7,summerStatus
1152_FT19,1152,Pond,2018,11,summerStatus
1152_FT20,1152,Pond,2018,14,summerStatus
1152_FT21,1152,Pond,2018,5,summerStatus
1152_FT22,1152,Pond,2018,8,summerStatus
1152_FT23,1152,Pond,2018,10,summerStatus
1152_FT24,1152,Pond,2018,9,summerStatus
1152_FT25,1152,Pond,2018,12,summerStatus
1152_FT26,1152,Pond,2018,23,summerStatus
1152_FT27,1152,Pond,2018,23,summerStatus
1152_FT28,1152,Pond,2018,26,summerStatus
1152_FT29,1152,Pond,2018,10,summerStatus
1152_FT30,1152,Pond,2018,38,summerStatus
1152_FT31,1152,Pond,2018,35,summerStatus
1152_FT32,1152,Pond,2018,23,summerStatus
1152_FT33,1152,Pond,2018,38,summerStatus
1519_FT01,1519,Lake,2018,6,summerStatus
1519_FT03,1519,Lake,2018,6,summerStatus
3348_FT01,3348,Lake,2018,14,summerStatus
3348_FT02,3348,Lake,2018,20,summerStatus
3348_FT03,3348,Lake,2018,10,summerStatus
3348_FT04,3348,Lake,2018,8,summerStatus
3348_FT05,3348,Lake,2018,11,summerStatus
3348_FT06,3348,Lake,2018,4,summerStatus
3348_FT07,3348,Lake,2018,6,summerStatus
3348_FT08,3348,Lake,2018,9,summerStatus
3348_FT09,3348,Lake,2018,8,summerStatus
3348_FT10,3348,Lake,2018,6,summerStatus
3348_FT12,3348,Lake,2018,5,summerStatus
3348_FT13,3348,Lake,2018,4,summerStatus
3348_FT14,3348,Lake,2018,19,summerStatus
3348_FT15,3348,Lake,2018,31,summerStatus
3348_FT19,3348,Lake,2018,34,summerStatus
3348_FT23,3348,Lake,2018,18,summerStatus
3348_FT24,3348,Lake,2018,26,summerStatus
3348_FT25,3348,Lake,2018,7,summerStatus
3348_FT29,3348,Lake,2018,24,summerStatus
3348_FT30,3348,Lake,2018,6,summerStatus
3348_FT31,3348,Lake,2018,21,summerStatus
3348_FT32,3348,Lake,2018,18,summerStatus
3348_FT33,3348,Lake,2018,6,summerStatus
3348_FT34,3348,Lake,2018,30,summerStatus
3348_FT35,3348,Lake,2018,58,summerStatus
3348_FT36,3348,Lake,2018,51,summerStatus
3348_FT37,3348,Lake,2018,31,summerStatus
3348_FT38,3348,Lake,2018,44,summerStatus
3348_FT39,3348,Lake,2018,43,summerStatus
3348_FT40,3348,Lake,2018,17,summerStatus
3348_FT41,3348,Lake,2018,13,summerStatus
3348_FT42,3348,Lake,2018,26,summerStatus
3348_FT43,3348,Lake,2018,16,summerStatus
3348_FT44,3348,Lake,2018,22,summerStatus
3348_FT45,3348,Lake,2018,10,summerStatus
3348_FT46,3348,Lake,2018,22,summerStatus
3348_FT47,3348,Lake,2018,14,summerStatus
1282_FT01,1282,Lake,2018,80,summerStatus
1282_FT02,1282,Lake,2018,6,summerStatus
1282_FT08,1282,Lake,2018,17,summerStatus
1282_FT12,1282,Lake,2018,16,summerStatus
1282_FT18,1282,Lake,2018,7,summerStatus
1282_FT19,1282,Lake,2018,29,summerStatus
1282_FT20,1282,Lake,2018,22,summerStatus
1282_FT21,1282,Lake,2018,14,summerStatus
1282_FT22,1282,Lake,2018,6,summerStatus
1282_FT23,1282,Lake,2018,27,summerStatus
1282_FT24,1282,Lake,2018,28,summerStatus
1282_FT25,1282,Lake,2018,33,summerStatus
1282_FT26,1282,Lake,2018,10,summerStatus
1282_FT27,1282,Lake,2018,13,summerStatus
1282_FT28,1282,Lake,2018,31,summerStatus
1282_FT29,1282,Lake,2018,7,summerStatus
1282_FT30,1282,Lake,2018,9,summerStatus
1282_FT31,1282,Lake,2018,13,summerStatus
1282_FT32,1282,Lake,2018,16,summerStatus
1282_FT33,1282,Lake,2018,9,summerStatus
1282_FT34,1282,Lake,2018,14,summerStatus
1282_FT35,1282,Lake,2018,20,summerStatus
1282_FT36,1282,Lake,2018,25,summerStatus
1282_FT37,1282,Lake,2018,21,summerStatus
1282_FT38,1282,Lake,2018,8,summerStatus
1282_FT39,1282,Lake,2018,8,summerStatus
1282_FT40,1282,Lake,2018,6,summerStatus
1282_FT41,1282,Lake,2018,9,summerStatus
1282_FT42,1282,Lake,2018,9,summerStatus
1282_FT43,1282,Lake,2018,6,summerStatus
1282_FT44,1282,Lake,2018,7,summerStatus
1282_FT45,1282,Lake,2018,12,summerStatus
1282_FT46,1282,Lake,2018,14,summerStatus
1282_FT47,1282,Lake,2018,11,summerStatus
1282_FT48,1282,Lake,2018,11,summerStatus
197_FT02,197,Lake,2018,3,summerStatus
197_FT03,197,Lake,2018,4,summerStatus
197_FT04,197,Lake,2018,14,summerStatus
197_FT05,197,Lake,2018,9,summerStatus
197_FT06,197,Lake,2018,10,summerStatus
197_FT07,197,Lake,2018,9,summerStatus
197_FT08,197,Lake,2018,13,summerStatus
197_FT09,197,Lake,2018,18,summerStatus
197_FT10,197,Lake,2018,13,summerStatus
197_FT11,197,Lake,2018,10,summerStatus
197_FT12,197,Lake,2018,9,summerStatus
197_FT13,197,Lake,2018,11,summerStatus
197_FT14,197,Lake,2018,14,summerStatus
197_FT15,197,Lake,2018,9,summerStatus
197_FT16,197,Lake,2018,12,summerStatus
197_FT17,197,Lake,2018,7,summerStatus
197_FT18,197,Lake,2018,14,summerStatus
197_FT19,197,Lake,2018,13,summerStatus
197_FT20,197,Lake,2018,9,summerStatus
197_FT21,197,Lake,2018,14,summerStatus
197_FT22,197,Lake,2018,6,summerStatus
197_FT23,197,Lake,2018,4,summerStatus
197_FT24,197,Lake,2018,4,summerStatus
197_FT25,197,Lake,2018,25,summerStatus
197_FT26,197,Lake,2018,6,summerStatus
197_FT27,197,Lake,2018,55,summerStatus
197_FT28,197,Lake,2018,5,summerStatus
197_FT29,197,Lake,2018,17,summerStatus
197_FT30,197,Lake,2018,7,summerStatus
197_FT31,197,Lake,2018,8,summerStatus
197_FT32,197,Lake,2018,6,summerStatus
197_FT33,197,Lake,2018,61,summerStatus
197_FT34,197,Lake,2018,5,summerStatus
197_FT35,197,Lake,2018,12,summerStatus
197_FT36,197,Lake,2018,5,summerStatus
197_FT37,197,Lake,2018,4,summerStatus
197_FT38,197,Lake,2018,15,summerStatus
197_FT39,197,Lake,2018,15,summerStatus
197_FT40,197,Lake,2018,28,summerStatus
197_FT41,197,Lake,2018,8,summerStatus
197_FT42,197,Lake,2018,9,summerStatus
197_FT43,197,Lake,2018,15,summerStatus
197_FT44,197,Lake,2018,10,summerStatus
197_FT45,197,Lake,2018,10,summerStatus
197_FT46,197,Lake,2018,6,summerStatus
197_FT47,197,Lake,2018,6,summerStatus
197_FT48,197,Lake,2018,5,summerStatus
197_FT49,197,Lake,2018,4,summerStatus
197_FT50,197,Lake,2018,8,summerStatus
197_FT51,197,Lake,2018,3,summerStatus
197_FT52,197,Lake,2018,9,summerStatus
197_FT53,197,Lake,2018,7,summerStatus
197_FT54,197,Lake,2018,5,summerStatus
197_FT55,197,Lake,2018,7,summerStatus
197_FT56,197,Lake,2018,3,summerStatus
197_FT57,197,Lake,2018,32,summerStatus
197_FT58,197,Lake,2018,32,summerStatus
197_FT59,197,Lake,2018,10,summerStatus
197_FT60,197,Lake,2018,7,summerStatus
2866_FT01,2866,Lake,2018,20,summerStatus
2866_FT02,2866,Lake,2018,10,summerStatus
2866_FT03,2866,Lake,2018,13,summerStatus
2866_FT04,2866,Lake,2018,16,summerStatus
2866_FT05,2866,Lake,2018,17,summerStatus
2866_FT06,2866,Lake,2018,14,summerStatus
2866_FT07,2866,Lake,2018,13,summerStatus
2866_FT08,2866,Lake,2018,19,summerStatus
2866_FT09,2866,Lake,2018,19,summerStatus
2866_FT10,2866,Lake,2018,21,summerStatus
2866_FT11,2866,Lake,2018,17,summerStatus
2866_FT12,2866,Lake,2018,18,summerStatus
2866_FT13,2866,Lake,2018,16,summerStatus
2866_FT14,2866,Lake,2018,15,summerStatus
2866_FT15,2866,Lake,2018,17,summerStatus
2866_FT16,2866,Lake,2018,9,summerStatus
2866_FT17,2866,Lake,2018,8,summerStatus
2866_FT18,2866,Lake,2018,19,summerStatus
2866_FT19,2866,Lake,2018,23,summerStatus
2866_FT20,2866,Lake,2018,18,summerStatus
2866_FT21,2866,Lake,2018,19,summerStatus
2866_FT22,2866,Lake,2018,12,summerStatus
2866_FT23,2866,Lake,2018,4,summerStatus
2866_FT24,2866,Lake,2018,18,summerStatus
2866_FT25,2866,Lake,2018,52,summerStatus
2866_FT26,2866,Lake,2018,47,summerStatus
2866_FT27,2866,Lake,2018,53,summerStatus
2866_FT28,2866,Lake,2018,43,summerStatus
2866_FT29,2866,Lake,2018,5,summerStatus
2866_FT30,2866,Lake,2018,39,summerStatus
2866_FT31,2866,Lake,2018,9,summerStatus
3663_FT01,625,Lake,2018,6,summerStatus
3663_FT02,625,Lake,2018,12,summerStatus
3663_FT03,625,Lake,2018,22,summerStatus
3663_FT04,625,Lake,2018,9,summerStatus
3663_FT05,625,Lake,2018,14,summerStatus
3663_FT06,625,Lake,2018,6,summerStatus
3663_FT07,625,Lake,2018,21,summerStatus
3663_FT08,625,Lake,2018,12,summerStatus
3663_FT09,625,Lake,2018,21,summerStatus
3663_FT10,625,Lake,2018,27,summerStatus
3663_FT11,625,Lake,2018,34,summerStatus
3663_FT12,625,Lake,2018,25,summerStatus
3663_FT13,625,Lake,2018,4,summerStatus
3663_FT14,625,Lake,2018,11,summerStatus
3663_FT15,625,Lake,2018,16,summerStatus
3663_FT16,625,Lake,2018,15,summerStatus
3663_FT17,625,Lake,2018,60,summerStatus
3663_FT18,625,Lake,2018,7,summerStatus
3663_FT19,625,Lake,2018,22,summerStatus
3663_FT20,625,Lake,2018,2,summerStatus
3663_FT21,625,Lake,2018,15,summerStatus
3663_FT22,625,Lake,2018,13,summerStatus
3663_FT23,625,Lake,2018,11,summerStatus
3663_FT24,625,Lake,2018,6,summerStatus
3663_FT25,625,Lake,2018,9,summerStatus
3663_FT26,625,Lake,2018,8,summerStatus
3663_FT27,625,Lake,2018,10,summerStatus
3663_FT28,625,Lake,2018,37,summerStatus
3663_FT29,625,Lake,2018,29,summerStatus
3663_FT30,625,Lake,2018,26,summerStatus
3663_FT31,625,Lake,2018,20,summerStatus
3663_FT32,625,Lake,2018,42,summerStatus
3663_FT33,625,Lake,2018,5,summerStatus
3663_FT34,625,Lake,2018,22,summerStatus
3663_FT35,625,Lake,2018,14,summerStatus
3663_FT36,625,Lake,2018,9,summerStatus
3663_FT37,625,Lake,2018,8,summerStatus
3663_FT38,625,Lake,2018,16,summerStatus
3663_FT39,625,Lake,2018,14,summerStatus
3663_FT40,625,Lake,2018,14,summerStatus
3663_FT41,625,Lake,2018,21,summerStatus
3663_FT42,625,Lake,2018,21,summerStatus
3663_FT43,625,Lake,2018,45,summerStatus
3663_FT44,625,Lake,2018,57,summerStatus
3663_FT45,625,Lake,2018,61,summerStatus
3663_FT46,625,Lake,2018,14,summerStatus
3663_FT47,625,Lake,2018,36,summerStatus
3663_FT48,625,Lake,2018,5,summerStatus
3663_FT49,625,Lake,2018,10,summerStatus
3663_FT50,625,Lake,2018,11,summerStatus
3663_FT51,625,Lake,2018,7,summerStatus
3663_FT52,625,Lake,2018,16,summerStatus
3663_FT53,625,Lake,2018,15,summerStatus
1397_FT02,1397,Pond,2018,14,summerStatus
1397_FT03,1397,Pond,2018,11,summerStatus
1397_FT04,1397,Pond,2018,10,summerStatus
1397_FT05,1397,Pond,2018,20,summerStatus
1397_FT06,1397,Pond,2018,21,summerStatus
1397_FT07,1397,Pond,2018,9,summerStatus
1397_FT08,1397,Pond,2018,27,summerStatus
1397_FT09,1397,Pond,2018,13,summerStatus
1397_FT10,1397,Pond,2018,15,summerStatus
1397_FT11,1397,Pond,2018,16,summerStatus
1397_FT12,1397,Pond,2018,7,summerStatus
1397_FT13,1397,Pond,2018,4,summerStatus
1397_FT14,1397,Pond,2018,4,summerStatus
1397_FT15,1397,Pond,2018,17,summerStatus
1397_FT16,1397,Pond,2018,17,summerStatus
1397_FT17,1397,Pond,2018,5,summerStatus
1397_FT18,1397,Pond,2018,25,summerStatus
3224_FT06,3224,Pond,2018,30,summerStatus
3224_FT08,3224,Pond,2018,28,summerStatus
3224_FT14,3224,Pond,2018,21,summerStatus
3224_FT15,3224,Pond,2018,19,summerStatus
3224_FT16,3224,Pond,2018,32,summerStatus
3224_FT20,3224,Pond,2018,4,summerStatus
3224_FT22,3224,Pond,2018,20,summerStatus
3224_FT23,3224,Pond,2018,21,summerStatus
3224_FT24,3224,Pond,2018,18,summerStatus
3224_FT25,3224,Pond,2018,23,summerStatus
3224_FT26,3224,Pond,2018,20,summerStatus
3224_FT27,3224,Pond,2018,14,summerStatus
3224_FT28,3224,Pond,2018,4,summerStatus
3224_FT29,3224,Pond,2018,8,summerStatus
3224_FT30,3224,Pond,2018,9,summerStatus
3224_FT31,3224,Pond,2018,12,summerStatus
3224_FT32,3224,Pond,2018,8,summerStatus
3224_FT33,3224,Pond,2018,25,summerStatus
3224_FT34,3224,Pond,2018,20,summerStatus
197_FT01,197,Lake,2018,6,summerStatus
197_FT05,197,Lake,2018,9,summerStatus
197_FT07,197,Lake,2018,9,summerStatus
197_FT09,197,Lake,2018,18,summerStatus
197_FT10,197,Lake,2018,13,summerStatus
197_FT11,197,Lake,2018,10,summerStatus
197_FT13,197,Lake,2018,11,summerStatus
197_FT14,197,Lake,2018,14,summerStatus
197_FT15,197,Lake,2018,9,summerStatus
197_FT17,197,Lake,2018,7,summerStatus
197_FT19,197,Lake,2018,13,summerStatus
197_FT20,197,Lake,2018,9,summerStatus
197_FT21,197,Lake,2018,14,summerStatus
197_FT22,197,Lake,2018,6,summerStatus
197_FT23,197,Lake,2018,4,summerStatus
197_FT25,197,Lake,2018,25,summerStatus
197_FT27,197,Lake,2018,55,summerStatus
197_FT29,197,Lake,2018,17,summerStatus
197_FT32,197,Lake,2018,6,summerStatus
197_FT33,197,Lake,2018,61,summerStatus
197_FT35,197,Lake,2018,12,summerStatus
197_FT38,197,Lake,2018,15,summerStatus
197_FT39,197,Lake,2018,15,summerStatus
197_FT42,197,Lake,2018,9,summerStatus
197_FT44,197,Lake,2018,10,summerStatus
197_FT49,197,Lake,2018,4,summerStatus
197_FT52,197,Lake,2018,9,summerStatus
197_FT61,197,Lake,2018,17,summerStatus
197_FT62,197,Lake,2018,18,summerStatus
197_FT63,197,Lake,2018,27,summerStatus
197_FT64,197,Lake,2018,17,summerStatus
197_FT65,197,Lake,2018,6,summerStatus
197_FT66,197,Lake,2018,3,summerStatus
197_FT67,197,Lake,2018,30,summerStatus
197_FT68,197,Lake,2018,49,summerStatus
197_FT69,197,Lake,2018,9,summerStatus
197_FT70,197,Lake,2018,10,summerStatus
197_FT71,197,Lake,2018,16,summerStatus
197_FT72,197,Lake,2018,49,summerStatus
197_FT73,197,Lake,2018,74,summerStatus
197_FT74,197,Lake,2018,39,summerStatus
197_FT75,197,Lake,2018,10,summerStatus
1913_FT01,1913,Pond,2018,15,summerStatus
1913_FT02,1913,Pond,2018,55,summerStatus
1913_FT03,1913,Pond,2018,52,summerStatus
1913_FT04,1913,Pond,2018,53,summerStatus
1913_FT05,1913,Pond,2018,24,summerStatus
1913_FT06,1913,Pond,2018,17,summerStatus
1913_FT07,1913,Pond,2018,43,summerStatus
1913_FT08,1913,Pond,2018,19,summerStatus
1913_FT09,1913,Pond,2018,20,summerStatus
1913_FT10,1913,Pond,2018,28,summerStatus
1913_FT11,1913,Pond,2018,47,summerStatus
3569_FT07,3569,Lake,2017,24,fallStatus
3569_FT26,3569,Lake,2017,10,fallStatus
3569_FT27,3569,Lake,2017,10,fallStatus
3569_FT28,3569,Lake,2017,15,fallStatus
3569_FT29,3569,Lake,2017,17,fallStatus
3569_FT30,3569,Lake,2017,13,fallStatus
3569_FT31,3569,Lake,2017,14,fallStatus
3569_FT32,3569,Lake,2017,21,fallStatus
2985_FT01,2985,Pond,2017,18,fallStatus
2985_FT03,2985,Pond,2017,15,fallStatus
2985_FT04,2985,Pond,2017,11,fallStatus
2985_FT05,2985,Pond,2017,27,fallStatus
2985_FT22,2985,Pond,2017,17,fallStatus
2985_FT24,2985,Pond,2017,23,fallStatus
2985_FT25,2985,Pond,2017,18,fallStatus
2985_FT28,2985,Pond,2017,4,fallStatus
2985_FT29,2985,Pond,2017,15,fallStatus
2985_FT32,2985,Pond,2017,11,fallStatus
2985_FT33,2985,Pond,2017,11,fallStatus
2985_FT35,2985,Pond,2017,21,fallStatus
2985_FT36,2985,Pond,2017,35,fallStatus
2985_FT37,2985,Pond,2017,31,fallStatus
303_FT02,303,Pond,2017,12,fallStatus
303_FT05,303,Pond,2017,67,fallStatus
303_FT14,303,Pond,2017,6,fallStatus
303_FT15,303,Pond,2017,37,fallStatus
303_FT16,303,Pond,2017,20,fallStatus
2326_FT03,2326,Pond,2017,6,fallStatus
2326_FT05,2326,Pond,2017,10,fallStatus
2326_FT07,2326,Pond,2017,6,fallStatus
2326_FT08,2326,Pond,2017,6,fallStatus
2326_FT09,2326,Pond,2017,8,fallStatus
2326_FT10,2326,Pond,2017,5,fallStatus
2326_FT11,2326,Pond,2017,6,fallStatus
2326_FT12,2326,Pond,2017,6,fallStatus
2326_FT21,2326,Pond,2017,5,fallStatus
2326_FT52,2326,Pond,2017,6,fallStatus
2326_FT68,2326,Pond,2017,6,fallStatus
2326_FT71,2326,Pond,2017,7,fallStatus
2326_FT96,2326,Pond,2017,11,fallStatus
2326_FT98,2326,Pond,2017,6,fallStatus
2326_FT102,2326,Pond,2017,24,fallStatus
2326_FT104,2326,Pond,2017,5,fallStatus
2326_FT122,2326,Pond,2017,7,fallStatus
2326_FT123,2326,Pond,2017,6,fallStatus
2326_FT125,2326,Pond,2017,11,fallStatus
2326_FT126,2326,Pond,2017,5,fallStatus
2326_FT127,2326,Pond,2017,15,fallStatus
2326_FT128,2326,Pond,2017,11,fallStatus
2326_FT132,2326,Pond,2017,8,fallStatus
2326_FT134,2326,Pond,2017,14,fallStatus
2326_FT135,2326,Pond,2017,9,fallStatus
2326_FT136,2326,Pond,2017,9,fallStatus
2326_FT142,2326,Pond,2017,5,fallStatus
2326_FT167,2326,Pond,2017,19,fallStatus
2326_FT171,2326,Pond,2017,11,fallStatus
2303_FT01,2303,Pond,2017,10,fallStatus
2303_FT02,2303,Pond,2017,6,fallStatus
2303_FT06,2303,Pond,2017,12,fallStatus
2303_FT10,2303,Pond,2017,6,fallStatus
2303_FT12,2303,Pond,2017,2,fallStatus
2303_FT13,2303,Pond,2017,10,fallStatus
2303_FT19,2303,Pond,2017,13,fallStatus
2303_FT22,2303,Pond,2017,6,fallStatus
2303_FT25,2303,Pond,2017,7,fallStatus
2303_FT26,2303,Pond,2017,5,fallStatus
2303_FT27,2303,Pond,2017,3,fallStatus
2303_FT40,2303,Pond,2017,7,fallStatus
2303_FT42,2303,Pond,2017,10,fallStatus
2303_FT44,2303,Pond,2017,5,fallStatus
2303_FT45,2303,Pond,2017,11,fallStatus
2303_FT46,2303,Pond,2017,10,fallStatus
2303_FT47,2303,Pond,2017,9,fallStatus
2303_FT48,2303,Pond,2017,10,fallStatus
1019_FT15,1019,Lake,2017,12,fallStatus
1019_FT16,1019,Lake,2017,14,fallStatus
1019_FT17,1019,Lake,2017,30,fallStatus
1019_FT22,1019,Lake,2017,8,fallStatus
1019_FT38,1019,Lake,2017,16,fallStatus
1019_FT40,1019,Lake,2017,8,fallStatus
1019_FT42,1019,Lake,2017,8,fallStatus
1019_FT43,1019,Lake,2017,7,fallStatus
1019_FT47,1019,Lake,2017,9,fallStatus
1019_FT48,1019,Lake,2017,17,fallStatus
1019_FT49,1019,Lake,2017,9,fallStatus
1019_FT50,1019,Lake,2017,12,fallStatus
1019_FT51,1019,Lake,2017,15,fallStatus
1019_FT52,1019,Lake,2017,6,fallStatus
1019_FT53,1019,Lake,2017,4,fallStatus
1019_FT54,1019,Lake,2017,14,fallStatus
1019_FT55,1019,Lake,2017,8,fallStatus
1019_FT56,1019,Lake,2017,15,fallStatus
1019_FT57,1019,Lake,2017,13,fallStatus
1019_FT62,1019,Lake,2017,13,fallStatus
1019_FT63,1019,Lake,2017,12,fallStatus
1019_FT64,1019,Lake,2017,4,fallStatus
1019_FT65,1019,Lake,2017,7,fallStatus
1019_FT68,1019,Lake,2017,17,fallStatus
1019_FT69,1019,Lake,2017,11,fallStatus
1019_FT70,1019,Lake,2017,6,fallStatus
1019_FT71,1019,Lake,2017,26,fallStatus
1019_FT72,1019,Lake,2017,5,fallStatus
1019_FT73,1019,Lake,2017,3,fallStatus
1019_FT74,1019,Lake,2017,18,fallStatus
1019_FT75,1019,Lake,2017,13,fallStatus
1019_FT76,1019,Lake,2017,13,fallStatus
1019_FT77,1019,Lake,2017,13,fallStatus
1019_FT78,1019,Lake,2017,13,fallStatus
1019_FT79,1019,Lake,2017,15,fallStatus
1019_FT80,1019,Lake,2017,28,fallStatus
1019_FT81,1019,Lake,2017,15,fallStatus
1019_FT82,1019,Lake,2017,17,fallStatus
1019_FT83,1019,Lake,2017,19,fallStatus
1019_FT84,1019,Lake,2017,31,fallStatus
1019_FT86,1019,Lake,2017,37,fallStatus
1019_FT87,1019,Lake,2017,27,fallStatus
1019_FT88,1019,Lake,2017,33,fallStatus
1019_FT89,1019,Lake,2017,30,fallStatus
1019_FT90,1019,Lake,2017,26,fallStatus
1019_FT91,1019,Lake,2017,9,fallStatus
1019_FT92,1019,Lake,2017,17,fallStatus
1019_FT93,1019,Lake,2017,20,fallStatus
1019_FT94,1019,Lake,2017,9,fallStatus
1019_FT95,1019,Lake,2017,7,fallStatus
1019_FT96,1019,Lake,2017,13,fallStatus
3557_FT01,3557,Pond,2017,12,fallStatus
3557_FT03,3557,Pond,2017,14,fallStatus
3557_FT04,3557,Pond,2017,14,fallStatus
3557_FT05,3557,Pond,2017,17,fallStatus
3557_FT42,3557,Pond,2017,17,fallStatus
3557_FT09,3557,Pond,2017,6,fallStatus
3557_FT10,3557,Pond,2017,19,fallStatus
3557_FT17,3557,Pond,2017,8,fallStatus
3557_FT19,3557,Pond,2017,8,fallStatus
3557_FT23,3557,Pond,2017,18,fallStatus
3557_FT25,3557,Pond,2017,14,fallStatus
3557_FT29,3557,Pond,2017,6,fallStatus
3557_FT30,3557,Pond,2017,8,fallStatus
3557_FT31,3557,Pond,2017,4,fallStatus
3557_FT33,3557,Pond,2017,17,fallStatus
3557_FT34,3557,Pond,2017,11,fallStatus
3557_FT35,3557,Pond,2017,8,fallStatus
3557_FT36,3557,Pond,2017,10,fallStatus
3557_FT37,3557,Pond,2017,19,fallStatus
3557_FT38,3557,Pond,2017,8,fallStatus
3557_FT41,3557,Pond,2017,15,fallStatus
2288_FT02,2288,Pond,2017,7,fallStatus
2288_FT03,2288,Pond,2017,8,fallStatus
2288_FT04,2288,Pond,2017,5,fallStatus
2288_FT05,2288,Pond,2017,5,fallStatus
2288_FT06,2288,Pond,2017,6,fallStatus
2288_FT07,2288,Pond,2017,3,fallStatus
2288_FT08,2288,Pond,2017,4,fallStatus
2288_FT09,2288,Pond,2017,4,fallStatus
2288_FT10,2288,Pond,2017,8,fallStatus
2288_FT11,2288,Pond,2017,6,fallStatus
2288_FT12,2288,Pond,2017,4,fallStatus
2288_FT30,2288,Pond,2017,6,fallStatus
2288_FT32,2288,Pond,2017,8,fallStatus
2288_FT36,2288,Pond,2017,6,fallStatus
2288_FT37,2288,Pond,2017,11,fallStatus
2288_FT43,2288,Pond,2017,12,fallStatus
2288_FT44,2288,Pond,2017,12,fallStatus
2288_FT45,2288,Pond,2017,20,fallStatus
1066_FT02,1066,Lake,2017,11,fallStatus
1066_FT04,1066,Lake,2017,16,fallStatus
2802_FT01,2802,Lake,2017,51,fallStatus
2802_FT02,2802,Lake,2017,69,fallStatus
2802_FT03,2802,Lake,2017,69,fallStatus
2802_FT04,2802,Lake,2017,77,fallStatus
2802_FT05,2802,Lake,2017,28,fallStatus
2802_FT06,2802,Lake,2017,36,fallStatus
2802_FT07,2802,Lake,2017,37,fallStatus
2802_FT08,2802,Lake,2017,42,fallStatus
1537_FT02,1537,Lake,2017,3,fallStatus
1537_FT03,1537,Lake,2017,5,fallStatus
1537_FT04,1537,Lake,2017,25,fallStatus
1537_FT05,1537,Lake,2017,15,fallStatus
1537_FT06,1537,Lake,2017,6,fallStatus
3198_FT01,3198,Lake,2017,22,fallStatus
3198_FT02,3198,Lake,2017,15,fallStatus
3198_FT04,3198,Lake,2017,27,fallStatus
3198_FT05,3198,Lake,2017,9,fallStatus
3224_FT02,3224,Pond,2018,13,fallStatus
3224_FT03,3224,Pond,2018,11,fallStatus
3224_FT04,3224,Pond,2018,9,fallStatus
3224_FT05,3224,Pond,2018,9,fallStatus
3224_FT07,3224,Pond,2018,18,fallStatus
3224_FT08,3224,Pond,2018,28,fallStatus
3224_FT09,3224,Pond,2018,11,fallStatus
3224_FT11,3224,Pond,2018,13,fallStatus
3224_FT14,3224,Pond,2018,21,fallStatus
3224_FT15,3224,Pond,2018,19,fallStatus
3224_FT16,3224,Pond,2018,32,fallStatus
3224_FT22,3224,Pond,2018,20,fallStatus
3224_FT26,3224,Pond,2018,20,fallStatus
3224_FT28,3224,Pond,2018,4,fallStatus
3224_FT30,3224,Pond,2018,9,fallStatus
3224_FT31,3224,Pond,2018,12,fallStatus
3224_FT35,3224,Pond,2018,4,fallStatus
3224_FT36,3224,Pond,2018,3,fallStatus
3224_FT37,3224,Pond,2018,15,fallStatus
3224_FT38,3224,Pond,2018,4,fallStatus
3224_FT39,3224,Pond,2018,14,fallStatus
3224_FT40,3224,Pond,2018,7,fallStatus
3224_FT41,3224,Pond,2018,9,fallStatus
3558_FT01,3558,Pond,2018,6,fallStatus
3558_FT09,3558,Pond,2018,6,fallStatus
3558_FT14,3558,Pond,2018,13,fallStatus
3558_FT16,3558,Pond,2018,19,fallStatus
3558_FT17,3558,Pond,2018,13,fallStatus
3558_FT21,3558,Pond,2018,12,fallStatus
3558_FT25,3558,Pond,2018,28,fallStatus
3558_FT26,3558,Pond,2018,37,fallStatus
3558_FT27,3558,Pond,2018,46,fallStatus
1152_FT06,1152,Pond,2018,20,fallStatus
1152_FT07,1152,Pond,2018,11,fallStatus
1152_FT19,1152,Pond,2018,11,fallStatus
1152_FT20,1152,Pond,2018,14,fallStatus
1152_FT26,1152,Pond,2018,23,fallStatus
1152_FT27,1152,Pond,2018,23,fallStatus
1152_FT28,1152,Pond,2018,26,fallStatus
1152_FT29,1152,Pond,2018,10,fallStatus
1152_FT30,1152,Pond,2018,38,fallStatus
1152_FT31,1152,Pond,2018,35,fallStatus
1152_FT32,1152,Pond,2018,23,fallStatus
1152_FT33,1152,Pond,2018,38,fallStatus
1519_FT06,1519,Lake,2018,39,fallStatus
1519_FT07,1519,Lake,2018,23,fallStatus
1519_FT08,1519,Lake,2018,6,fallStatus
1794_FT01,1794,Lake,2018,10,fallStatus
1794_FT05,1794,Lake,2018,24,fallStatus
1794_FT10,1794,Lake,2018,10,fallStatus
1794_FT12,1794,Lake,2018,12,fallStatus
1794_FT13,1794,Lake,2018,15,fallStatus
1794_FT14,1794,Lake,2018,13,fallStatus
1794_FT15,1794,Lake,2018,14,fallStatus
1794_FT16,1794,Lake,2018,18,fallStatus
1794_FT17,1794,Lake,2018,14,fallStatus
1794_FT18,1794,Lake,2018,16,fallStatus
1794_FT19,1794,Lake,2018,20,fallStatus
1794_FT20,1794,Lake,2018,8,fallStatus
1794_FT21,1794,Lake,2018,5,fallStatus
1794_FT22,1794,Lake,2018,18,fallStatus
1794_FT23,1794,Lake,2018,3,fallStatus
1794_FT24,1794,Lake,2018,5,fallStatus
1794_FT25,1794,Lake,2018,14,fallStatus
1794_FT26,1794,Lake,2018,12,fallStatus
1794_FT27,1794,Lake,2018,11,fallStatus
1794_FT28,1794,Lake,2018,25,fallStatus
1794_FT29,1794,Lake,2018,25,fallStatus
1794_FT30,1794,Lake,2018,13,fallStatus
1794_FT31,1794,Lake,2018,18,fallStatus
1794_FT32,1794,Lake,2018,17,fallStatus
1794_FT33,1794,Lake,2018,11,fallStatus
1794_FT34,1794,Lake,2018,11,fallStatus
1794_FT35,1794,Lake,2018,8,fallStatus
1794_FT36,1794,Lake,2018,12,fallStatus
1794_FT37,1794,Lake,2018,54,fallStatus
1794_FT38,1794,Lake,2018,12,fallStatus
1794_FT39,1794,Lake,2018,8,fallStatus
3348_FT03,3348,Lake,2018,10,fallStatus
3348_FT04,3348,Lake,2018,8,fallStatus
3348_FT05,3348,Lake,2018,11,fallStatus
3348_FT14,3348,Lake,2018,19,fallStatus
3348_FT20,3348,Lake,2018,33,fallStatus
3348_FT21,3348,Lake,2018,33,fallStatus
3348_FT22,3348,Lake,2018,6,fallStatus
3348_FT30,3348,Lake,2018,6,fallStatus
3348_FT31,3348,Lake,2018,21,fallStatus
3348_FT32,3348,Lake,2018,18,fallStatus
3348_FT34,3348,Lake,2018,30,fallStatus
3348_FT35,3348,Lake,2018,58,fallStatus
3348_FT37,3348,Lake,2018,31,fallStatus
3348_FT42,3348,Lake,2018,26,fallStatus
3348_FT44,3348,Lake,2018,22,fallStatus
3348_FT45,3348,Lake,2018,10,fallStatus
3348_FT46,3348,Lake,2018,22,fallStatus
3348_FT48,3348,Lake,2018,7,fallStatus
3348_FT49,3348,Lake,2018,2,fallStatus
3348_FT50,3348,Lake,2018,2,fallStatus
3348_FT51,3348,Lake,2018,5,fallStatus
3348_FT52,3348,Lake,2018,8,fallStatus
3348_FT53,3348,Lake,2018,8,fallStatus
3348_FT54,3348,Lake,2018,9,fallStatus
3348_FT55,3348,Lake,2018,32,fallStatus
3348_FT56,3348,Lake,2018,23,fallStatus
3348_FT57,3348,Lake,2018,39,fallStatus
3348_FT58,3348,Lake,2018,47,fallStatus
3348_FT59,3348,Lake,2018,46,fallStatus
3348_FT60,3348,Lake,2018,48,fallStatus
1282_FT49,1282,Lake,2018,41,fallStatus
1282_FT50,1282,Lake,2018,18,fallStatus
1282_FT51,1282,Lake,2018,10,fallStatus
1282_FT52,1282,Lake,2018,26,fallStatus
1282_FT53,1282,Lake,2018,26,fallStatus
1282_FT54,1282,Lake,2018,6,fallStatus
1282_FT55,1282,Lake,2018,18,fallStatus
1282_FT56,1282,Lake,2018,26,fallStatus
1282_FT57,1282,Lake,2018,11,fallStatus
1282_FT58,1282,Lake,2018,14,fallStatus
1282_FT59,1282,Lake,2018,14,fallStatus
1282_FT60,1282,Lake,2018,15,fallStatus
1282_FT61,1282,Lake,2018,11,fallStatus
1282_FT62,1282,Lake,2018,16,fallStatus
1282_FT63,1282,Lake,2018,17,fallStatus
1282_FT64,1282,Lake,2018,17,fallStatus
1282_FT65,1282,Lake,2018,10,fallStatus
1282_FT66,1282,Lake,2018,15,fallStatus
1282_FT67,1282,Lake,2018,15,fallStatus
1282_FT68,1282,Lake,2018,14,fallStatus
1282_FT69,1282,Lake,2018,8,fallStatus
1282_FT70,1282,Lake,2018,18,fallStatus
1282_FT71,1282,Lake,2018,5,fallStatus
1282_FT72,1282,Lake,2018,10,fallStatus
1282_FT73,1282,Lake,2018,16,fallStatus
1282_FT74,1282,Lake,2018,12,fallStatus
1282_FT75,1282,Lake,2018,16,fallStatus
1282_FT76,1282,Lake,2018,21,fallStatus
1282_FT77,1282,Lake,2018,30,fallStatus
1282_FT78,1282,Lake,2018,26,fallStatus
1282_FT79,1282,Lake,2018,17,fallStatus
1282_FT80,1282,Lake,2018,21,fallStatus
1282_FT81,1282,Lake,2018,8,fallStatus
1282_FT82,1282,Lake,2018,14,fallStatus
1282_FT83,1282,Lake,2018,9,fallStatus
1282_FT84,1282,Lake,2018,6,fallStatus
1282_FT85,1282,Lake,2018,10,fallStatus
1282_FT86,1282,Lake,2018,11,fallStatus
1282_FT87,1282,Lake,2018,10,fallStatus
1282_FT88,1282,Lake,2018,10,fallStatus
1282_FT89,1282,Lake,2018,7,fallStatus
1282_FT90,1282,Lake,2018,14,fallStatus
1282_FT91,1282,Lake,2018,20,fallStatus
1282_FT92,1282,Lake,2018,11,fallStatus
1282_FT93,1282,Lake,2018,19,fallStatus
1282_FT94,1282,Lake,2018,23,fallStatus
1282_FT95,1282,Lake,2018,13,fallStatus
1282_FT96,1282,Lake,2018,9,fallStatus
1282_FT97,1282,Lake,2018,20,fallStatus
197_FT01,197,Lake,2018,6,fallStatus
197_FT03,197,Lake,2018,4,fallStatus
197_FT11,197,Lake,2018,10,fallStatus
197_FT29,197,Lake,2018,17,fallStatus
197_FT31,197,Lake,2018,8,fallStatus
197_FT33,197,Lake,2018,61,fallStatus
197_FT35,197,Lake,2018,12,fallStatus
197_FT53,197,Lake,2018,7,fallStatus
197_FT54,197,Lake,2018,5,fallStatus
197_FT55,197,Lake,2018,7,fallStatus
197_FT61,197,Lake,2018,17,fallStatus
197_FT62,197,Lake,2018,18,fallStatus
197_FT64,197,Lake,2018,17,fallStatus
197_FT65,197,Lake,2018,6,fallStatus
197_FT66,197,Lake,2018,3,fallStatus
197_FT67,197,Lake,2018,30,fallStatus
197_FT69,197,Lake,2018,9,fallStatus
197_FT72,197,Lake,2018,49,fallStatus
197_FT74,197,Lake,2018,39,fallStatus
197_FT75,197,Lake,2018,10,fallStatus
197_FT76,197,Lake,2018,6,fallStatus
197_FT77,197,Lake,2018,8,fallStatus
197_FT78,197,Lake,2018,31,fallStatus
197_FT79,197,Lake,2018,31,fallStatus
197_FT80,197,Lake,2018,36,fallStatus
197_FT81,197,Lake,2018,6,fallStatus
197_FT82,197,Lake,2018,18,fallStatus
197_FT83,197,Lake,2018,9,fallStatus
197_FT84,197,Lake,2018,13,fallStatus
197_FT85,197,Lake,2018,9,fallStatus
197_FT86,197,Lake,2018,5,fallStatus
197_FT87,197,Lake,2018,17,fallStatus
197_FT88,197,Lake,2018,12,fallStatus
197_FT89,197,Lake,2018,21,fallStatus
197_FT90,197,Lake,2018,29,fallStatus
197_FT91,197,Lake,2018,20,fallStatus
197_FT92,197,Lake,2018,7,fallStatus
197_FT93,197,Lake,2018,48,fallStatus
197_FT94,197,Lake,2018,18,fallStatus
197_FT95,197,Lake,2018,12,fallStatus
197_FT96,197,Lake,2018,26,fallStatus
197_FT97,197,Lake,2018,20,fallStatus
197_FT98,197,Lake,2018,13,fallStatus
197_FT99,197,Lake,2018,26,fallStatus
197_FT100,197,Lake,2018,19,fallStatus
197_FT101,197,Lake,2018,16,fallStatus
197_FT102,197,Lake,2018,6,fallStatus
197_FT103,197,Lake,2018,9,fallStatus
197_FT104,197,Lake,2018,19,fallStatus
197_FT105,197,Lake,2018,13,fallStatus
197_FT106,197,Lake,2018,13,fallStatus
197_FT107,197,Lake,2018,8,fallStatus
197_FT108,197,Lake,2018,14,fallStatus
197_FT109,197,Lake,2018,10,fallStatus
197_FT110,197,Lake,2018,16,fallStatus
197_FT111,197,Lake,2018,15,fallStatus
197_FT112,197,Lake,2018,22,fallStatus
197_FT113,197,Lake,2018,23,fallStatus
197_FT114,197,Lake,2018,12,fallStatus
197_FT115,197,Lake,2018,6,fallStatus
197_FT116,197,Lake,2018,5,fallStatus
197_FT117,197,Lake,2018,15,fallStatus
197_FT118,197,Lake,2018,8,fallStatus
197_FT119,197,Lake,2018,6,fallStatus
197_FT120,197,Lake,2018,15,fallStatus
197_FT121,197,Lake,2018,13,fallStatus
197_FT122,197,Lake,2018,16,fallStatus
197_FT123,197,Lake,2018,21,fallStatus
197_FT124,197,Lake,2018,37,fallStatus
197_FT125,197,Lake,2018,12,fallStatus
197_FT126,197,Lake,2018,9,fallStatus
197_FT127,197,Lake,2018,12,fallStatus
197_FT128,197,Lake,2018,21,fallStatus
197_FT129,197,Lake,2018,24,fallStatus
197_FT130,197,Lake,2018,10,fallStatus
197_FT131,197,Lake,2018,8,fallStatus
197_FT132,197,Lake,2018,14,fallStatus
197_FT133,197,Lake,2018,16,fallStatus
197_FT134,197,Lake,2018,11,fallStatus
197_FT135,197,Lake,2018,10,fallStatus
197_FT136,197,Lake,2018,8,fallStatus
197_FT137,197,Lake,2018,26,fallStatus
197_FT138,197,Lake,2018,15,fallStatus
197_FT139,197,Lake,2018,12,fallStatus
2866_FT01,2866,Lake,2018,20,fallStatus
2866_FT04,2866,Lake,2018,16,fallStatus
2866_FT06,2866,Lake,2018,14,fallStatus
2866_FT08,2866,Lake,2018,19,fallStatus
2866_FT17,2866,Lake,2018,8,fallStatus
2866_FT18,2866,Lake,2018,19,fallStatus
2866_FT19,2866,Lake,2018,23,fallStatus
2866_FT22,2866,Lake,2018,12,fallStatus
2866_FT23,2866,Lake,2018,4,fallStatus
2866_FT24,2866,Lake,2018,18,fallStatus
2866_FT30,2866,Lake,2018,39,fallStatus
2866_FT31,2866,Lake,2018,9,fallStatus
2866_FT32,2866,Lake,2018,30,fallStatus
2866_FT33,2866,Lake,2018,25,fallStatus
2866_FT34,2866,Lake,2018,26,fallStatus
2866_FT35,2866,Lake,2018,16,fallStatus
2866_FT36,2866,Lake,2018,15,fallStatus
2866_FT37,2866,Lake,2018,39,fallStatus
2866_FT38,2866,Lake,2018,6,fallStatus
2866_FT39,2866,Lake,2018,7,fallStatus
2866_FT40,2866,Lake,2018,26,fallStatus
2866_FT41,2866,Lake,2018,16,fallStatus
2866_FT42,2866,Lake,2018,19,fallStatus
2866_FT43,2866,Lake,2018,6,fallStatus
2866_FT44,2866,Lake,2018,28,fallStatus
2866_FT45,2866,Lake,2018,10,fallStatus
2866_FT46,2866,Lake,2018,12,fallStatus
2866_FT47,2866,Lake,2018,8,fallStatus
2866_FT48,2866,Lake,2018,8,fallStatus
1397_FT19,1397,Pond,2018,41,fallStatus
1397_FT20,1397,Pond,2018,8,fallStatus
1397_FT21,1397,Pond,2018,18,fallStatus
1397_FT22,1397,Pond,2018,21,fallStatus
1397_FT24,1397,Pond,2018,9,fallStatus
1397_FT25,1397,Pond,2018,12,fallStatus
1913_FT01,1913,Pond,2018,15,fallStatus
1913_FT02,1913,Pond,2018,55,fallStatus
1913_FT12,1913,Pond,2018,48,fallStatus
1913_FT13,1913,Pond,2018,34,fallStatus
1913_FT14,1913,Pond,2018,40,fallStatus
1913_FT15,1913,Pond,2018,47,fallStatus
1913_FT16,1913,Pond,2018,65,fallStatus
1913_FT17,1913,Pond,2018,40,fallStatus
1913_FT18,1913,Pond,2018,40,fallStatus
1913_FT19,1913,Pond,2018,26,fallStatus
1913_FT20,1913,Pond,2018,25,fallStatus
1913_FT21,1913,Pond,2018,55,fallStatus
1913_FT22,1913,Pond,2018,25,fallStatus
1913_FT23,1913,Pond,2018,50,fallStatus
1913_FT24,1913,Pond,2018,44,fallStatus
1913_FT25,1913,Pond,2018,24,fallStatus
1913_FT26,1913,Pond,2018,30,fallStatus
1913_FT27,1913,Pond,2018,59,fallStatus
1913_FT28,1913,Pond,2018,57,fallStatus
1913_FT29,1913,Pond,2018,35,fallStatus
1913_FT30,1913,Pond,2018,50,fallStatus
1913_FT31,1913,Pond,2018,63,fallStatus
1913_FT32,1913,Pond,2018,49,fallStatus
1913_FT33,1913,Pond,2018,26,fallStatus