ambushID,wolf,trailLength,season,ambushDate
BHA_154,V028,9,Spring,5/4/18
BHA_156,V064,22,Spring,5/13/18
BHA_157,V064,12,Spring,5/14/18
BHA_163,V066,24,Spring,5/13/18
BHA_172,V066,36,Spring,5/21/18
BHA_173,V066,36,Spring,5/21/18
BHA_182,V068,8,Spring,5/22/18
BHA_186,V064,11,Spring,5/28/18
BHA_193,V061,7,Spring,6/12/18
BHA_194,V028,23,Spring,6/10/18
BHA_196,V028,22,Summer,6/23/18
BHA_201,V028,17,Summer,6/26/18
BHA_204,V066,45,Summer,6/28/18
BHA_210,V062,22,Summer,7/9/18
BHA_211,V028,14,Summer,7/11/18
BHA_212,V066,17,Summer,7/11/18
BHA_214,V028,8,Summer,7/8/18
BHA_217,V064,10,Summer,7/12/18
BHA_226,V028,15,Summer,7/22/18
BHA_229,V062,50,Summer,8/4/18
BHA_239,V062,22,Summer,8/12/18
BHA_241,V066,13.5,Summer,8/10/18
BHA_242,V066,25,Summer,8/14/18
BHA_245,V066,32,Summer,8/12/18
BHA_246,V066,9,Summer,8/15/18
BHA_247,V066,16,Summer,8/13/18
BHA_248,V061,41,Summer,8/18/18
BHA_249,V066,17,Summer,8/13/18
BHA_250,V061,33,Summer,8/19/18
BHA_253,V066,3,Summer,8/17/18
BHA_259,V066,3,Summer,8/19/18
BHA_262,V072,46,Summer,8/23/18
BHA_263,V066,11,Summer,8/22/18
BHA_264,V064,16,Summer,8/23/18
BHA_265,V064,30,Summer,8/25/18
BHA_266,V066,5,Summer,8/25/18
BHA_267,V066,53,Summer,8/25/18
BHA_270,V066,12,Summer,8/31/18
BHA_274,V066,43,Summer,8/24/18
BHA_275,V066,14,Summer,8/24/18
BHA_278,V066,9,Summer,9/2/18
BHA_279,V066,26,Summer,8/26/18
BHA_281,V066,7,Summer,9/2/18
BHA_284,V028,32,Summer,8/27/18
BHA_285,V028,49,Summer,8/27/18
BHA_288,V028,6,Summer,8/26/18
BHA_289,V028,12,Summer,8/30/18
BHA_290,V028,5,Summer,8/31/18
BHA_291,V028,10,Summer,8/31/18
BHA_292,V028,15,Summer,8/31/18
BHA_293,V028,26,Summer,9/3/18
BHA_296,V028,37,Summer,8/30/18
BHA_298,V072,18,Summer,9/4/18
BHA_300,V072,35,Summer,8/26/18
BHA_301,V061,30,Summer,9/1/18
BHA_302,V064,33,Summer,8/31/18
BHA_304,V066,50,Summer,9/7/18
BHA_305,V066,28,Summer,9/7/18
BHA_306,V066,40,Summer,9/7/18
BHA_308,V066,50,Summer,9/8/18
BHA_309,V066,35,Summer,9/8/18
BHA_310,V066,20,Summer,9/4/18
BHA_313,V028,20,Summer,9/4/18
BHA_314,V028,27,Summer,9/4/18
BHA_315,V072,28,Summer,9/5/18
BHA_317,V028,21,Summer,9/11/18
BHA_318,V028,30,Summer,9/12/18
BHA_319,V028,15,Summer,9/12/18
BHA_320,V072,46,Summer,9/7/18
BHA_322,V061,31,Summer,9/8/18
BHA_324,V061,25,Summer,9/11/18
BHA_327,V066,32,Summer,9/13/18
BHA_328,V072,20,Summer,9/13/18
BHA_329,V072,21,Summer,9/13/18
BHA_333,V028,30,Summer,9/19/18
BHA_335,V072,49,Summer,9/13/18
BHA_336,V028,41,Summer,9/13/18
BHA_338,V028,16,Fall,9/21/18
BHA_339,V028,34,Fall,9/24/18
BHA_340,V028,94,Summer,9/18/18
BHA_341,V028,87,Summer,9/13/18
BHA_342,V028,45,Summer,9/20/18
BHA_343,V028,45,Summer,9/20/18
BHA_344,V061,9,Summer,9/17/18
BHA_345,V061,23,Summer,9/17/18
BHA_346,V028,18,Summer,9/16/18
BHA_347,V062,14,Summer,9/20/18
BHA_349,V066,40,Fall,9/30/18
BHA_354,V066,9,Fall,9/26/18
BHA_355,V066,6,Fall,9/28/18
BHA_356,V066,22,Fall,9/27/18
BHA_359,V061,16,Summer,9/16/18
BHA_361,V072,10,Fall,10/3/18
BHA_362,V028,26,Fall,9/29/18
BHA_363,V028,20,Fall,10/4/18
BHA_364,V066,30,Fall,10/2/18
BHA_369,V028,79,Fall,10/17/18
BHA_370,V066,6,Fall,10/13/18
BHA_371,V066,6.5,Fall,10/14/18
BHA_372,V066,5,Fall,10/14/18
BHA_373,V066,18,Fall,10/9/18
BHA_374,V028,43,Fall,10/7/18
BHA_378,V062,44,Fall,10/12/18
BHA_379,V028,37,Fall,10/14/18
BHA_380,V061,17,Fall,10/16/18
BHA_383,V028,38,Fall,10/21/18
BHA_384,V028,20,Fall,10/18/18
BHA_385,V066,4,Fall,10/27/18
BHA_391,V061,31,Fall,10/22/18
BHA_393,V028,33,Fall,10/31/18
BHA_395,V074,48,Spring,4/16/19
BHA_398,V079,9,Spring,5/16/19
BHA_402,V077,19,Spring,5/18/19
BHA_408,V076,56,Spring,6/2/19
BHA_415,V072,13,Summer,7/3/19
BHA_417,V074,11,Summer,7/2/19
BHA_420,V086,17,Summer,7/6/19
BHA_427,V072,10,Summer,7/17/19
BHA_430,V072,5,Summer,7/23/19
BHA_432,V080,9,Summer,7/22/19
BHA_434,V076,30,Summer,7/25/19
BHA_435,V076,49,Summer,7/25/19
BHA_436,V076,35,Summer,7/26/19
BHA_439,V076,30,Summer,7/29/19
BHA_440,V076,49,Summer,7/29/19
BHA_442,V076,30,Summer,7/29/19
BHA_449,V072,15,Summer,8/1/19
BHA_450,V079,35,Summer,7/29/19
BHA_455,V072,17,Summer,8/2/19
BHA_456,V072,17,Summer,8/3/19
BHA_460,V076,25,Summer,8/8/19
BHA_461,V076,50,Summer,8/11/19
BHA_462,V076,30,Summer,8/11/19
BHA_463,V076,44,Summer,8/11/19
BHA_465,V076,25,Summer,8/7/19
BHA_467,V076,75,Summer,8/3/19
BHA_469,V076,60,Summer,8/2/19
BHA_470,V076,53,Summer,8/9/19
BHA_471,V076,40,Summer,8/9/19
BHA_472,V076,50,Summer,8/9/19
BHA_473,V076,10,Summer,8/1/19
BHA_474,V076,42,Summer,8/9/19
BHA_475,V076,23,Summer,8/10/19
BHA_478,V076,7,Summer,8/10/19
BHA_480,V076,12,Summer,8/2/19
BHA_481,V076,12,Summer,8/2/19
BHA_483,V076,34,Summer,8/2/19
BHA_485,V076,23,Summer,8/4/19
BHA_488,V086,21,Summer,8/9/19
BHA_489,V086,18,Summer,8/10/19
BHA_491,V086,37,Summer,8/4/19
BHA_495,V086,53,Summer,8/12/19
BHA_496,V076,10,Summer,8/3/19
BHA_497,V076,15,Summer,8/4/19
BHA_498,V086,18,Summer,8/4/19
BHA_505,V072,5,Summer,8/6/19
BHA_506,V072,17,Summer,8/6/19
BHA_507,V079,36,Summer,8/7/19
BHA_508,V077,9,Summer,8/16/19
BHA_509,V079,31,Summer,8/16/19
BHA_510,V079,20,Summer,8/6/19
BHA_511,V079,40,Summer,8/7/19
BHA_512,V072,31,Summer,8/7/19
BHA_513,V079,31,Summer,8/7/19
BHA_515,V072,13,Summer,8/9/19
BHA_516,V072,15,Summer,8/12/19
BHA_521,V076,23,Summer,8/14/19
BHA_523,V076,13,Summer,8/17/19
BHA_524,V076,7,Summer,8/17/19
BHA_526,V076,36,Summer,8/12/19
BHA_527,V076,36,Summer,8/16/19
BHA_528,V076,36,Summer,8/14/19
BHA_529,V076,30,Summer,8/14/19
BHA_530,V076,51,Summer,8/17/19
BHA_536,V076,34,Summer,8/12/19
BHA_537,V076,9,Summer,8/12/19
BHA_538,V076,58,Summer,8/11/19
BHA_539,V086,54,Summer,8/15/19
BHA_540,V086,18,Summer,8/15/19
BHA_542,V086,8,Summer,8/16/19
BHA_544,V086,13,Summer,8/22/19
BHA_550,V072,3,Summer,8/22/19
BHA_551,V072,4,Summer,8/22/19
BHA_552,V072,10,Summer,8/29/19
BHA_553,V072,8,Summer,8/28/19
BHA_554,V079,39,Summer,8/20/19
BHA_555,V079,33,Summer,8/27/19
BHA_556,V079,39,Summer,8/28/19
BHA_557,V072,9,Summer,8/17/19
BHA_558,V072,22,Summer,8/20/19
BHA_561,V079,15,Summer,8/27/19
BHA_563,V074,11,Summer,8/22/19
BHA_565,V076,6,Summer,8/26/19
BHA_567,V076,33,Summer,8/28/19
BHA_568,V076,27,Summer,8/29/19
BHA_572,V076,62,Summer,8/31/19
BHA_573,V076,21,Summer,8/23/19
BHA_574,V076,38,Summer,8/24/19
BHA_575,V076,20,Summer,8/27/19
BHA_576,V086,8,Summer,8/31/19
BHA_577,V086,14,Summer,9/2/19
BHA_578,V086,33,Summer,8/31/19
BHA_579,V086,33,Summer,9/1/19
BHA_580,V086,17,Summer,9/2/19
BHA_581,V086,27,Summer,8/23/19
BHA_583,V086,37,Summer,8/25/19
BHA_584,V079,33,Summer,8/31/19
BHA_586,V086,8,Summer,8/25/19
BHA_590,V079,41,Summer,8/30/19
BHA_592,V079,37,Summer,9/3/19
BHA_594,V079,17,Summer,8/29/19
BHA_599,V077,14,Summer,9/6/19
BHA_601,V079,15,Summer,8/29/19
BHA_602,V072,13,Summer,8/28/19
BHA_603,V079,13,Summer,8/28/19
BHA_605,V076,37,Summer,9/5/19
BHA_606,V076,23,Summer,9/5/19
BHA_608,V072,14,Summer,9/1/19
BHA_613,V086,22,Summer,9/6/19
BHA_614,V086,15,Summer,9/10/19
BHA_617,V072,47,Summer,9/10/19
BHA_620,V079,10,Summer,9/10/19
BHA_621,V079,31,Summer,9/11/19
BHA_622,V079,24,Summer,9/7/19
BHA_623,V079,11,Summer,9/13/19
BHA_624,V079,32,Summer,9/6/19
BHA_625,V079,32,Summer,9/14/19
BHA_627,V079,30,Summer,9/14/19
BHA_628,V079,19,Summer,9/14/19
BHA_629,V079,22,Summer,9/10/19
BHA_631,V076,41,Summer,9/12/19
BHA_634,V079,8,Summer,9/15/19
BHA_637,V072,28,Summer,9/19/19
BHA_638,V079,28,Summer,9/20/19
BHA_639,V077,16,Fall,9/21/19
BHA_640,V079,28,Summer,9/16/19
BHA_641,V072,23.5,Summer,9/19/19
BHA_642,V079,17,Summer,9/19/19
BHA_643,V072,32,Summer,9/19/19
BHA_644,V079,32,Summer,9/19/19
BHA_645,V079,23,Fall,9/22/19
BHA_647,V076,14,Fall,9/24/19
BHA_650,V086,17,Fall,9/26/19
BHA_651,V076,50,Summer,9/15/19
BHA_652,V086,19,Fall,9/22/19
BHA_655,V074,62,Summer,9/17/19
BHA_657,V079,28,Fall,9/27/19
BHA_658,V072,6,Fall,9/23/19
BHA_659,V077,7,Fall,9/26/19
BHA_660,V079,6,Fall,9/30/19
BHA_661,V079,12,Fall,9/28/19
BHA_662,V072,4,Fall,9/30/19
BHA_663,V079,31,Fall,9/30/19
BHA_665,V076,47,Fall,10/2/19
BHA_666,V076,47,Fall,10/2/19
BHA_667,V076,47,Fall,10/3/19
BHA_669,V076,5,Fall,10/2/19
BHA_670,V076,23,Fall,10/2/19
BHA_672,V086,35,Fall,9/29/19
BHA_673,V086,19,Fall,9/29/19
BHA_676,V086,18,Fall,10/2/19
BHA_679,V086,16,Fall,10/3/19
BHA_680,V086,13,Fall,10/1/19
BHA_681,V086,32,Fall,10/1/19
BHA_682,V086,32,Fall,10/1/19
BHA_684,V079,18,Fall,10/6/19
BHA_685,V079,4,Fall,10/2/19
BHA_686,V079,4,Fall,10/3/19
BHA_687,V079,4,Fall,10/7/19
BHA_688,V072,5,Fall,10/3/19
BHA_689,V079,22,Fall,9/30/19
BHA_690,V079,27,Fall,10/2/19
BHA_691,V079,14,Fall,10/2/19
BHA_692,V072,16,Fall,10/2/19
BHA_695,V079,22,Fall,10/6/19
BHA_700,V076,13,Fall,10/11/19
BHA_701,V076,26,Fall,10/11/19
BHA_702,V076,8,Fall,10/8/19
BHA_703,V076,11,Fall,10/11/19
BHA_705,V076,16,Fall,10/15/19
BHA_709,V086,5,Fall,10/7/19
BHA_710,V086,10,Fall,10/7/19
BHA_711,V086,12,Fall,10/14/19
BHA_712,V086,20,Fall,10/15/19
BHA_715,V086,6,Fall,10/22/19
BHA_716,V076,31,Fall,10/16/19
BHA_717,V076,31,Fall,10/18/19
BHA_718,V076,21,Fall,10/22/19
BHA_719,V076,13,Fall,10/22/19
BHA_721,V076,30,Fall,10/19/19
BHA_722,V076,24,Fall,10/23/19
BHA_724,V076,36,Fall,10/22/19
BHA_725,V074,31,Fall,10/23/19
BHA_726,V074,13,Fall,10/25/19
BHA_728,V076,17,Fall,10/26/19
BHA_731,V076,19,Fall,10/23/19
BHA_732,V076,37,Fall,10/24/19
BHA_733,V086,66,Fall,10/23/19
BHA_735,V076,30,Fall,10/24/19
BHA_737,V076,22,Fall,10/23/19
BHA_738,V076,22,Fall,10/23/19
BHA_741,V076,24,Fall,10/27/19
BHA_742,V086,33,Fall,10/27/19
BHA_743,V086,18,Fall,10/28/19
BHA_744,V086,11,Fall,10/27/19
BHA_745,V086,12.5,Fall,10/27/19
BHA_746,V086,29,Fall,10/27/19
BHA_748,V086,31,Fall,10/28/19
BHA_749,V086,32,Fall,10/28/19
BHA_750,V086,20,Fall,10/28/19
BHA_751,V086,11,Fall,10/29/19
BHA_752,V086,46,Fall,10/25/19
BHA_753,V086,24,Fall,10/25/19
BHA_754,V086,40,Fall,10/26/19
BHA_755,V076,28,Fall,10/25/19
BHA_756,V086,11,Fall,10/25/19
BHA_778,V085,16,Spring,6/12/20
BHA_785,V094,6,Summer,6/23/20
BHA_787,V095,16,Summer,7/7/20
BHA_789,V095,9,Summer,7/7/20
BHA_798,V071,17,Summer,7/18/20
BHA_799,V095,28,Summer,7/15/20
BHA_800,V083,24,Summer,7/15/20
BHA_802,V083,41,Summer,7/17/20
BHA_804,V084,14,Summer,7/19/20
BHA_805,V083,18,Summer,7/17/20
BHA_806,V083,17,Summer,7/15/20
BHA_811,V094,15,Summer,7/23/20
BHA_815,V095,64,Summer,7/25/20
BHA_819,V071,12,Summer,8/1/20
BHA_823,V083,27,Summer,7/23/20
BHA_824,V084,12,Summer,7/26/20
BHA_832,V077,28,Summer,8/2/20
BHA_833,V077,31,Summer,7/29/20
BHA_835,V083,70,Summer,7/31/20
BHA_837,V094,18,Summer,8/5/20
BHA_839,V071,32,Summer,8/4/20
BHA_840,V071,50,Summer,8/5/20
BHA_844,V083,25,Summer,7/29/20
BHA_846,V084,15,Summer,8/6/20
BHA_853,V094,8,Summer,8/7/20
BHA_854,V094,29,Summer,8/12/20
BHA_855,V094,10,Summer,8/8/20
BHA_859,V083,14,Summer,8/11/20
BHA_861,V083,53,Summer,8/16/20
BHA_863,V083,15,Summer,8/12/20
BHA_865,V095,42,Summer,8/3/20
BHA_871,V077,5,Summer,8/15/20
BHA_873,V071,22,Summer,8/10/20
BHA_874,V071,29,Summer,8/9/20
BHA_875,V071,35,Summer,8/13/20
BHA_877,V071,35,Summer,8/14/20
BHA_880,V083,52,Summer,8/10/20
BHA_881,V083,35,Summer,8/10/20
BHA_882,V083,49,Summer,8/10/20
BHA_885,V095,11,Summer,8/16/20
BHA_886,V095,20,Summer,8/20/20
BHA_889,V095,15,Summer,8/15/20
BHA_891,V095,19,Summer,8/22/20
BHA_892,V095,24,Summer,8/12/20
BHA_893,V095,9,Summer,8/12/20
BHA_895,V095,23,Summer,8/17/20
BHA_896,V095,17,Summer,8/11/20
BHA_897,V095,9,Summer,8/18/20
BHA_910,V095,12,Summer,8/14/20
BHA_912,V083,24,Summer,8/20/20
BHA_914,V083,41,Summer,8/19/20
BHA_915,V083,41,Summer,8/20/20
BHA_916,V083,19,Summer,8/20/20
BHA_917,V083,39,Summer,8/17/20
BHA_918,V083,39,Summer,8/22/20
BHA_919,V083,21,Summer,8/22/20
BHA_921,V083,50,Summer,8/23/20
BHA_922,V084,41,Summer,8/26/20
BHA_923,V083,11,Summer,8/18/20
BHA_926,V071,19,Summer,8/26/20
BHA_927,V071,5,Summer,8/26/20
BHA_928,V071,42,Summer,8/21/20
BHA_929,V071,30,Summer,8/22/20
BHA_930,V071,19,Summer,8/23/20
BHA_931,V071,23,Summer,8/28/20
BHA_932,V071,15,Summer,8/23/20
BHA_933,V071,40,Summer,8/25/20
BHA_934,V071,41,Summer,8/23/20
BHA_935,V071,49,Summer,8/28/20
BHA_936,V071,10,Summer,8/28/20
BHA_937,V071,22,Summer,8/21/20
BHA_938,V071,13,Summer,8/23/20
BHA_939,V071,51,Summer,8/25/20
BHA_940,V071,60,Summer,8/25/20
BHA_941,V071,48,Summer,8/25/20
BHA_946,V095,20,Summer,8/28/20
BHA_948,V095,15,Summer,8/29/20
BHA_955,V094,15,Summer,8/29/20
BHA_956,V094,26,Summer,8/30/20
BHA_960,V083,24,Summer,9/4/20
BHA_961,V083,31,Summer,8/29/20
BHA_962,V083,31,Summer,8/29/20
BHA_963,V083,34,Summer,9/1/20
BHA_965,V084,10,Summer,9/2/20
BHA_968,V083,25,Summer,9/1/20
BHA_969,V083,85,Summer,9/3/20
BHA_970,V083,85,Summer,8/31/20
BHA_971,V083,48,Summer,8/28/20
BHA_972,V071,55,Summer,9/9/20
BHA_973,V071,60,Summer,8/29/20
BHA_974,V071,40,Summer,9/8/20
BHA_975,V071,13,Summer,9/8/20
BHA_976,V071,10,Summer,9/9/20
BHA_979,V083,22,Summer,8/30/20
BHA_980,V071,5,Summer,9/1/20
BHA_981,V071,5,Summer,9/2/20
BHA_982,V071,37,Summer,9/3/20
BHA_983,V071,37,Summer,9/3/20
BHA_984,V071,30,Summer,9/4/20
BHA_985,V071,53,Summer,9/4/20
BHA_987,V095,8,Summer,9/3/20
BHA_988,V095,7,Summer,9/5/20
BHA_996,V095,26,Summer,9/3/20
BHA_997,V095,19,Summer,9/1/20
BHA_1001,V083,63,Summer,9/12/20
BHA_1003,V084,90,Summer,9/12/20
BHA_1004,V083,46,Summer,9/8/20
BHA_1005,V083,55,Summer,9/8/20
BHA_1007,V071,24,Summer,9/12/20
BHA_1008,V071,26,Summer,9/14/20
BHA_1009,V071,26,Summer,9/16/20
BHA_1010,V071,33,Summer,9/15/20
BHA_1011,V071,43,Summer,9/14/20
BHA_1012,V071,24,Summer,9/14/20
BHA_1013,V071,37,Summer,9/14/20
BHA_1014,V071,27,Summer,9/15/20
BHA_1015,V095,32,Summer,9/18/20
BHA_1016,V095,33,Summer,9/14/20
BHA_1018,V095,17,Summer,9/14/20
BHA_1020,V071,40,Summer,9/17/20
BHA_1021,V071,32,Summer,9/12/20
BHA_1023,V083,41,Summer,9/9/20
BHA_1024,V083,21,Summer,9/9/20
BHA_1025,V083,64,Summer,9/13/20
BHA_1026,V084,36,Summer,9/15/20
BHA_1027,V094,26,Fall,9/15/20
BHA_1028,V083,18,Fall,9/23/20
BHA_1029,V083,41,Fall,9/23/20
BHA_1030,V083,44,Fall,9/22/20
BHA_1031,V077,3,Fall,9/21/20
BHA_1032,V085,21,Fall,9/27/20
BHA_1035,V071,39,Summer,9/19/20
BHA_1036,V071,16,Summer,9/20/20
BHA_1037,V071,29,Fall,9/21/20
BHA_1039,V071,17,Fall,9/23/20
BHA_1043,V095,31,Fall,9/30/20
BHA_1046,V071,41,Summer,9/20/20
BHA_1048,V071,53,Summer,9/19/20
BHA_1049,V071,53,Summer,9/20/20
BHA_1050,V071,53,Fall,9/21/20
BHA_1051,V071,53,Fall,9/26/20
BHA_1052,V071,53,Fall,9/27/20
BHA_1053,V071,39,Fall,9/27/20
BHA_1054,V095,15,Fall,9/24/20
BHA_1059,V095,23,Fall,9/29/20
BHA_1061,V083,29,Fall,9/24/20
BHA_1062,V071,12,Fall,9/26/20
BHA_1063,V071,12,Fall,9/28/20
BHA_1064,V094,19,Fall,9/27/20
BHA_1065,V094,4,Fall,10/4/20
BHA_1066,V094,31,Fall,10/2/20
BHA_1067,V094,8,Fall,10/2/20
BHA_1068,V083,14,Fall,9/28/20
BHA_1069,V083,16,Fall,9/28/20
BHA_1070,V083,26,Fall,10/7/20
BHA_1071,V083,21,Fall,10/6/20
BHA_1072,V077,9,Fall,9/29/20
BHA_1076,V095,19,Fall,10/1/20
BHA_1078,V095,16,Fall,10/8/20
BHA_1085,V095,20,Fall,10/8/20
BHA_1087,V095,17,Fall,10/4/20
BHA_1088,V095,22,Fall,10/5/20
BHA_1093,V084,19,Fall,10/7/20
BHA_1094,V084,19,Fall,10/8/20
BHA_1095,V083,33,Fall,10/9/20
BHA_1098,V084,26,Fall,10/7/20
BHA_1101,V083,18,Fall,10/13/20
BHA_1102,V084,21,Fall,10/13/20
BHA_1105,V083,43,Fall,10/14/20
BHA_1106,V077,23,Fall,10/13/20
BHA_1107,V085,23,Fall,10/13/20
BHA_1108,V071,17,Fall,10/14/20
BHA_1113,V095,11,Fall,10/13/20
BHA_1115,V095,13,Fall,10/14/20
BHA_1116,V095,3,Fall,10/14/20
BHA_1121,V077,15,Fall,10/19/20
BHA_1122,V071,12,Fall,10/19/20
BHA_1123,V085,6,Fall,9/29/20
BHA_1128,V094,11,Fall,10/19/20
BHA_1129,V071,43,Fall,10/24/20
BHA_1130,V071,34,Fall,10/25/20
BHA_1133,V095,8,Fall,10/20/20
BHA_1135,V095,10,Fall,10/27/20
BHA_1137,V083,17,Fall,10/28/20
BHA_1138,V084,17,Fall,10/28/20
BHA_1139,V083,19,Fall,10/28/20
BHA_1142,V071,40,Spring,4/19/21
BHA_1143,V071,44,Spring,4/21/21
BHA_1144,V071,43,Spring,4/19/21
BHA_1146,V071,11,Spring,4/18/21
BHA_1149,V071,12,Spring,4/23/21
BHA_1150,V071,40,Spring,4/17/21
BHA_1151,V094,23,Spring,4/26/21
BHA_1156,V071,15,Spring,4/26/21
BHA_1158,V071,55,Spring,5/2/21
BHA_1159,V071,55,Spring,4/27/21
BHA_1168,O0C,24,Spring,5/13/21
BHA_1179,V071,20,Spring,5/26/21
BHA_1181,O0C,15,Spring,5/31/21
BHA_1182,O0C,20,Spring,5/26/21
BHA_1185,O0C,8.5,Spring,6/1/21
BHA_1189,O0C,9,Spring,6/13/21
BHA_1194,V079,35,Spring,6/18/21
BHA_1197,V079,8,Summer,6/25/21
BHA_1198,W0C,10,Summer,7/7/21
BHA_1199,P0C,18,Summer,7/2/21
BHA_1200,V079,13,Summer,7/12/21
BHA_1201,V079,20,Summer,7/13/21
BHA_1202,P0C,21,Summer,7/2/21
BHA_1203,V071,9,Summer,7/9/21
BHA_1206,O0C,12,Summer,7/8/21
BHA_1208,O0C,7,Summer,7/17/21
BHA_1209,O0C,5,Summer,7/13/21
BHA_1211,V079,30,Summer,7/24/21
BHA_1214,V079,18,Summer,7/23/21
BHA_1215,V079,30.5,Summer,7/30/21
BHA_1216,V079,30.5,Summer,7/31/21
BHA_1219,V071,12,Summer,7/26/21
BHA_1220,V071,10.5,Summer,7/15/21
BHA_1222,P0C,58,Summer,7/31/21
BHA_1223,P0C,21,Summer,8/2/21
BHA_1224,V079,30,Summer,8/1/21
BHA_1225,V079,21,Summer,8/4/21
BHA_1226,V079,45,Summer,8/7/21
BHA_1227,V079,47,Summer,8/7/21
BHA_1228,V071,57,Summer,8/5/21
BHA_1229,V071,37,Summer,8/6/21
BHA_1230,V071,30,Summer,8/7/21
BHA_1231,V071,23,Summer,8/6/21
BHA_1232,V071,13,Summer,8/9/21
BHA_1233,V071,15,Summer,8/5/21
BHA_1234,V071,4,Summer,8/5/21
BHA_1235,V071,27,Summer,8/6/21
BHA_1237,O0C,45,Summer,8/7/21
BHA_1241,P0C,31,Summer,8/12/21
BHA_1242,V094,15,Summer,8/6/21
BHA_1243,V094,15,Summer,8/10/21
BHA_1244,V094,26,Summer,8/13/21
BHA_1245,V079,30,Summer,8/12/21
BHA_1246,V079,60,Summer,8/11/21
BHA_1247,V079,18,Summer,8/13/21
BHA_1249,V079,16,Summer,8/12/21
BHA_1250,V079,18.25,Summer,8/13/21
BHA_1251,P0C,65,Summer,7/28/21
BHA_1252,P0C,25,Summer,8/15/21
BHA_1253,V079,50,Summer,8/9/21
BHA_1254,V071,21,Summer,8/14/21
BHA_1255,V071,56,Summer,8/12/21
BHA_1256,V071,56,Summer,8/17/21
BHA_1257,V071,10,Summer,8/15/21
BHA_1263,V071,20,Summer,8/11/21
BHA_1264,V071,22.5,Summer,8/15/21
BHA_1265,V071,17,Summer,8/18/21
BHA_1268,V071,63,Summer,8/20/21
BHA_1269,O0C,19,Summer,8/14/21
BHA_1272,O0C,15,Summer,8/16/21
BHA_1273,O0C,63,Summer,8/16/21
BHA_1275,O0C,20,Summer,8/18/21
BHA_1276,O0C,37,Summer,8/14/21
BHA_1277,O0C,49,Summer,8/17/21
BHA_1278,O0C,11,Summer,8/12/21
BHA_1281,O0C,17.5,Summer,8/14/21
BHA_1286,V094,10,Summer,8/22/21
BHA_1287,V094,12,Summer,8/14/21
BHA_1288,P0C,15,Summer,8/17/21
BHA_1289,P0C,23.5,Summer,8/25/21
BHA_1290,P0C,56,Summer,8/30/21
BHA_1292,P0C,33,Summer,8/21/21
BHA_1293,P0C,10,Summer,8/18/21
BHA_1294,P0C,41,Summer,8/20/21
BHA_1295,P0C,41,Summer,8/15/21
BHA_1296,P0C,31,Summer,8/15/21
BHA_1298,P0C,16,Summer,8/15/21
BHA_1302,P0C,35,Summer,8/20/21
BHA_1304,V079,12,Summer,8/16/21
BHA_1305,V079,34,Summer,8/23/21
BHA_1308,V079,19,Summer,8/25/21
BHA_1309,V079,19,Summer,8/30/21
BHA_1310,V079,26,Summer,8/26/21
BHA_1311,V079,45,Summer,8/29/21
BHA_1313,V079,40,Summer,8/22/21
BHA_1314,V079,21,Summer,8/28/21
BHA_1315,V079,69,Summer,8/28/21
BHA_1316,V079,29,Summer,8/27/21
BHA_1317,V079,38,Summer,8/29/21
BHA_1318,W0C,36,Summer,8/20/21
BHA_1319,V071,35,Summer,8/27/21
BHA_1321,V071,22,Summer,8/28/21
BHA_1322,V071,22,Summer,9/1/21
BHA_1323,V071,40,Summer,8/21/21
BHA_1324,V071,12.5,Summer,8/23/21
BHA_1325,V071,12.5,Summer,8/29/21
BHA_1326,V071,19,Summer,8/29/21
BHA_1327,V071,37.5,Summer,8/29/21
BHA_1328,V071,22,Summer,8/28/21
BHA_1329,P0C,10,Summer,8/20/21
BHA_1330,P0C,8,Summer,8/17/21
BHA_1331,V071,14.5,Summer,8/31/21
BHA_1333,O0C,23,Summer,9/2/21
BHA_1336,O0C,26,Summer,8/27/21
BHA_1337,O0C,9,Summer,8/31/21
BHA_1339,O0C,67.25,Summer,9/2/21
BHA_1342,V094,30,Summer,8/29/21
BHA_1343,P0C,8,Summer,9/6/21
BHA_1346,P0C,34,Summer,9/8/21
BHA_1347,P0C,35,Summer,9/5/21
BHA_1348,P0C,39.5,Summer,9/5/21
BHA_1349,P0C,12,Summer,9/5/21
BHA_1350,P0C,23,Summer,9/5/21
BHA_1351,P0C,68,Summer,9/5/21
BHA_1352,V079,53,Summer,9/2/21
BHA_1353,V079,62,Summer,9/1/21
BHA_1354,V079,47,Summer,9/7/21
BHA_1355,V079,62,Summer,9/7/21
BHA_1356,V079,18,Summer,9/2/21
BHA_1357,V079,59,Summer,9/2/21
BHA_1358,V071,51,Summer,9/3/21
BHA_1359,V071,39,Summer,9/7/21
BHA_1360,V071,25,Summer,9/1/21
BHA_1361,V071,25,Summer,9/1/21
BHA_1362,V071,39,Summer,9/3/21
BHA_1364,V071,19,Summer,9/5/21
BHA_1365,V071,13,Summer,9/5/21
BHA_1367,P0C,33.25,Summer,8/30/21
BHA_1368,P0C,42,Summer,8/30/21
BHA_1370,V079,40,Summer,9/7/21
BHA_1372,O0C,8,Summer,9/14/21
BHA_1373,O0C,52,Summer,9/10/21
BHA_1374,O0C,28,Summer,9/10/21
BHA_1375,O0C,27,Summer,9/15/21
BHA_1378,O0C,45,Summer,8/31/21
BHA_1379,V094,20,Summer,9/10/21
BHA_1380,P0C,27,Summer,9/13/21
BHA_1381,P0C,31,Summer,9/18/21
BHA_1382,V071,14,Summer,9/12/21
BHA_1383,V071,27,Summer,9/15/21
BHA_1384,V071,13,Summer,9/11/21
BHA_1386,P0C,63,Summer,9/11/21
BHA_1387,P0C,63,Summer,9/16/21
BHA_1388,V071,66,Summer,9/15/21
BHA_1389,V071,46,Summer,9/17/21
BHA_1390,V071,34,Fall,9/21/21
BHA_1391,V071,11,Summer,9/16/21
BHA_1393,V071,24,Summer,9/16/21
BHA_1394,V079,60,Summer,9/20/21
BHA_1396,V079,41,Summer,9/14/21
BHA_1397,V079,46,Summer,9/14/21
BHA_1398,V079,33,Summer,9/14/21
BHA_1399,V079,48,Summer,9/15/21
BHA_1400,V079,51,Summer,9/15/21
BHA_1401,V079,31,Summer,9/16/21
BHA_1402,O0C,28,Summer,9/18/21
BHA_1403,O0C,5,Summer,9/15/21
BHA_1407,O0C,10,Summer,9/20/21
BHA_1408,V079,62,Summer,9/11/21
BHA_1410,O0C,13,Fall,9/20/21
BHA_1411,V079,31,Summer,9/18/21
BHA_1412,P0C,36,Fall,9/25/21
BHA_1413,P0C,100,Summer,9/18/21
BHA_1414,P0C,98.5,Fall,9/26/21
BHA_1415,V071,18,Fall,9/26/21
BHA_1416,V071,32,Fall,9/23/21
BHA_1417,V071,18,Fall,9/26/21
BHA_1420,V079,65,Fall,9/24/21
BHA_1422,V079,56,Fall,9/29/21
BHA_1423,V071,62,Summer,9/17/21
BHA_1424,V094,33,Summer,9/13/21
BHA_1427,O0C,26,Fall,10/3/21
BHA_1428,O0C,28,Fall,10/3/21
BHA_1429,O0C,41,Fall,9/24/21
BHA_1430,O0C,33,Fall,9/26/21
BHA_1432,O0C,18,Fall,9/26/21
BHA_1435,O0C,70,Fall,9/24/21
BHA_1439,O0C,13,Fall,9/30/21
BHA_1440,O0C,45,Fall,10/1/21
BHA_1442,O0C,35,Fall,10/3/21
BHA_1445,V094,11,Fall,10/1/21
BHA_1446,V094,22,Fall,10/1/21
BHA_1450,P0C,61,Fall,9/27/21
BHA_1451,P0C,38,Fall,9/28/21
BHA_1452,V071,9,Fall,10/3/21
BHA_1453,V079,31,Fall,10/2/21
BHA_1454,V079,50,Fall,10/2/21
BHA_1455,V079,46,Fall,10/3/21
BHA_1456,V079,41,Fall,10/3/21
BHA_1457,V079,38,Fall,10/3/21
BHA_1459,V079,31,Fall,10/1/21
BHA_1460,V079,37,Fall,10/1/21
BHA_1461,V079,10,Fall,10/2/21
BHA_1462,V079,44,Fall,10/2/21
BHA_1463,V079,29,Fall,10/4/21
BHA_1464,V079,20,Fall,10/5/21
BHA_1465,V079,32,Fall,10/5/21
BHA_1466,V079,51,Fall,10/6/21
BHA_1467,V079,30,Fall,10/4/21
BHA_1474,O0C,11,Fall,10/12/21
BHA_1477,O0C,27,Fall,10/10/21
BHA_1479,O0C,38,Fall,10/4/21
BHA_1480,O0C,17,Fall,10/5/21
BHA_1482,O0C,32,Fall,10/8/21
BHA_1483,V094,57,Fall,10/5/21
BHA_1484,O0C,30,Fall,10/7/21
BHA_1487,O0C,23,Fall,10/7/21
BHA_1489,P0C,60,Fall,10/7/21
BHA_1490,P0C,66,Fall,10/8/21
BHA_1491,P0C,16,Fall,10/6/21
BHA_1492,V071,24,Fall,10/12/21
BHA_1493,V071,26,Fall,10/9/21
BHA_1494,V071,68,Fall,10/11/21
BHA_1496,V071,70,Fall,10/11/21
BHA_1497,V071,45,Fall,10/11/21
BHA_1498,V071,45,Fall,10/13/21
BHA_1499,V071,34,Fall,10/10/21
BHA_1500,V071,27,Fall,10/10/21
BHA_1501,V071,16,Fall,10/10/21
BHA_1502,V071,32,Fall,10/11/21
BHA_1503,V071,21,Fall,10/15/21
BHA_1504,V079,37,Fall,10/14/21
BHA_1506,V079,60,Fall,10/9/21
BHA_1509,V079,39,Fall,10/8/21
BHA_1510,V079,58,Fall,10/8/21
BHA_1511,V079,31,Fall,10/17/21
BHA_1512,V079,14,Fall,10/17/21
BHA_1514,V079,44,Fall,10/11/21
BHA_1515,V079,32,Fall,10/11/21
BHA_1516,V079,57,Fall,10/11/21
BHA_1518,O0C,11,Fall,10/15/21
BHA_1521,O0C,10,Fall,10/17/21
BHA_1523,O0C,53,Fall,10/18/21
BHA_1524,V071,30,Fall,10/16/21
BHA_1525,V071,16,Fall,10/17/21
BHA_1527,V071,17,Fall,10/19/21
BHA_1528,V071,19,Fall,10/19/21
BHA_1529,V079,57,Fall,10/11/21
BHA_1530,V094,74,Fall,10/20/21
BHA_1531,V094,25,Fall,10/20/21
BHA_1532,V079,97,Fall,10/20/21
BHA_1533,V079,37,Fall,10/23/21
BHA_1534,O0C,61,Fall,10/23/21
BHA_1535,O0C,20,Fall,10/23/21
BHA_1536,V079,15,Fall,10/21/21
BHA_1537,V079,21,Fall,10/21/21
BHA_1538,V079,26,Fall,10/21/21
BHA_1539,V079,17,Fall,10/19/21
BHA_1540,P0C,23,Fall,10/21/21
BHA_1541,P0C,79,Fall,10/28/21
BHA_1542,V071,52,Fall,10/27/21
BHA_1543,V071,52,Fall,10/26/21
BHA_1544,V071,52,Fall,10/27/21
BHA_1545,V071,18,Fall,10/24/21
BHA_1546,V071,31,Fall,10/26/21
BHA_1547,V079,22,Fall,10/27/21
BHA_1548,V079,22,Fall,10/27/21
BHA_1549,V071,50,Fall,10/21/21
BHA_1550,V071,16,Fall,10/26/21
BHA_1551,V071,46,Fall,10/23/21
BHA_1552,V071,50,Fall,10/23/21
BHA_1553,V071,25,Fall,10/27/21
BHA_1554,V071,15,Fall,10/28/21
BHA_1557,P0C,37,Fall,10/19/21
BHA_1558,P0C,47,Fall,10/19/21
BHA_1560,Y1T,30,Spring,5/20/22
BHA_1583,P0C,12,Spring,5/31/22
BHA_1588,P0C,31,Spring,6/1/22
BHA_1590,P0C,14,Spring,6/2/22
BHA_1602,Y2L,10,Spring,6/2/22
BHA_1605,P0C,24,Spring,6/12/22
BHA_1606,P0C,14,Spring,6/7/22
BHA_1631,R1T,18,Summer,7/3/22
BHA_1634,Y1T,17,Summer,6/27/22
BHA_1637,P0C,10,Summer,7/5/22
BHA_1639,P2L,23,Summer,7/7/22
BHA_1647,P2L,6,Summer,7/16/22
BHA_1653,P0C,10,Summer,7/21/22
BHA_1656,P0C,24,Summer,7/24/22
BHA_1658,Y1T,20,Summer,7/14/22
BHA_1662,P0C,13,Summer,7/27/22
BHA_1664,P0C,45,Summer,7/29/22
BHA_1665,P0C,7,Summer,7/29/22
BHA_1666,P0C,35,Summer,7/30/22
BHA_1670,R1T,18,Summer,8/3/22
BHA_1671,R1T,18,Summer,8/6/22
BHA_1672,R2L,12,Summer,8/2/22
BHA_1675,R1T,22,Summer,8/7/22
BHA_1676,P0C,41,Summer,8/13/22
BHA_1677,P3S,41,Summer,8/13/22
BHA_1678,P0C,29,Summer,8/15/22
BHA_1679,P3S,29,Summer,8/15/22
BHA_1681,P0C,77,Summer,8/12/22
BHA_1682,P3S,77,Summer,8/12/22
BHA_1688,P0C,38,Summer,8/14/22
BHA_1689,P3S,38,Summer,8/14/22
BHA_1692,P0C,10,Summer,8/7/22
BHA_1693,P3S,7,Summer,8/7/22
BHA_1698,P0C,19,Summer,8/11/22
BHA_1701,R2L,21,Summer,8/14/22
BHA_1710,P0C,36,Summer,8/21/22
BHA_1711,P3S,36,Summer,8/21/22
BHA_1714,R2L,43,Summer,8/25/22
BHA_1729,R1T,13,Summer,8/25/22
BHA_1731,P0C,4,Summer,8/24/22
BHA_1732,P0C,12,Summer,8/27/22
BHA_1733,P0C,22,Summer,8/28/22
BHA_1736,P3S,12,Summer,8/27/22
BHA_1737,P3S,22,Summer,8/28/22
BHA_1739,P3S,20,Summer,8/29/22
BHA_1741,P0C,35,Summer,8/29/22
BHA_1742,P3S,40,Summer,8/29/22
BHA_1743,P3S,30,Summer,8/29/22
BHA_1744,P0C,30,Summer,8/29/22
BHA_1749,P3S,35,Summer,8/29/22
BHA_1750,P0C,57,Summer,8/25/22
BHA_1751,P3S,57,Summer,8/25/22
BHA_1752,P0C,14,Summer,8/27/22
BHA_1753,P3S,14,Summer,8/27/22
BHA_1755,P0C,29,Summer,8/26/22
BHA_1758,B3S,30,Summer,8/29/22
BHA_1760,P0C,24,Summer,8/22/22
BHA_1762,R1T,18,Summer,9/4/22
BHA_1765,R2L,16,Summer,9/5/22
BHA_1766,R2L,15,Summer,9/3/22
BHA_1767,R2L,8,Summer,9/4/22
BHA_1768,R2L,38,Summer,8/31/22
BHA_1776,P0C,9,Summer,9/1/22
BHA_1777,P0C,32,Summer,9/2/22
BHA_1778,P3S,35,Summer,8/31/22
BHA_1779,P0C,35,Summer,9/1/22
BHA_1780,P0C,35,Summer,9/1/22
BHA_1781,P0C,35,Summer,9/2/22
BHA_1784,P0C,25,Summer,9/3/22
BHA_1785,P3S,25,Summer,9/3/22
BHA_1786,P0C,29,Summer,9/4/22
BHA_1787,P3S,33,Summer,9/4/22
BHA_1790,Y1T,17,Summer,9/8/22
BHA_1794,R2L,46,Summer,9/2/22
BHA_1800,B4D,18,Summer,9/7/22
BHA_1801,R1T,11,Summer,9/11/22
BHA_1803,R2L,16,Summer,9/8/22
BHA_1805,R2L,10,Summer,9/11/22
BHA_1809,R2L,8,Summer,9/12/22
BHA_1812,R1T,24,Summer,9/5/22
BHA_1813,R1T,19,Summer,9/10/22
BHA_1814,R2L,5,Summer,9/10/22
BHA_1816,P0C,57,Summer,9/10/22
BHA_1817,P3S,57,Summer,9/10/22
BHA_1818,R2L,5,Summer,9/13/22
BHA_1824,P3S,15,Summer,9/8/22
BHA_1825,P0C,15,Summer,9/13/22
BHA_1826,P3S,15,Summer,9/13/22
BHA_1829,P0C,20,Summer,9/13/22
BHA_1830,P3S,20,Summer,9/13/22
BHA_1833,P0C,34,Summer,9/8/22
BHA_1834,P3S,34,Summer,9/8/22
BHA_1836,B3S,11,Summer,9/13/22
BHA_1839,Y1T,30,Summer,9/5/22
BHA_1840,Y1T,30,Summer,9/7/22
BHA_1841,Y1T,18,Summer,9/15/22
BHA_1842,B3S,4,Summer,9/18/22
BHA_1848,R1T,16,Summer,9/21/22
BHA_1849,R1T,8,Summer,9/21/22
BHA_1850,R1T,22,Summer,9/21/22
BHA_1852,R2L,2,Summer,9/9/22
BHA_1853,R2L,13,Summer,9/9/22
BHA_1854,P0C,2,Fall,9/24/22
BHA_1855,P3S,2,Fall,9/24/22
BHA_1856,P0C,14,Summer,9/18/22
BHA_1857,P3S,14,Summer,9/18/22
BHA_1858,P0C,37,Summer,9/20/22
BHA_1859,P3S,37,Summer,9/20/22
BHA_1860,B4D,29,Fall,9/24/22
BHA_1861,B3S,84,Fall,9/22/22
BHA_1864,B4D,40,Summer,9/19/22
BHA_1866,Y1T,19,Fall,9/22/22
BHA_1867,R2L,16,Fall,9/21/22
BHA_1872,R2L,15,Fall,9/27/22
BHA_1873,R2L,25,Fall,9/22/22
BHA_1875,R2L,9,Fall,9/26/22
BHA_1876,R1T,40,Fall,9/23/22
BHA_1879,R1T,4,Fall,9/23/22
BHA_1881,R2L,22,Fall,9/21/22
BHA_1886,P3S,28,Fall,10/1/22
BHA_1887,P0C,31,Fall,10/1/22
BHA_1888,P0C,42,Fall,9/28/22
BHA_1890,P0C,42,Fall,10/2/22
BHA_1892,P3S,44,Fall,10/2/22
BHA_1893,P0C,8,Fall,9/29/22
BHA_1894,P3S,8,Fall,9/29/22
BHA_1895,P0C,36,Fall,9/29/22
BHA_1896,P3S,36,Fall,9/29/22
BHA_1899,B3S,20,Fall,10/1/22
BHA_1901,R2L,76,Fall,9/25/22
BHA_1902,R2L,12,Fall,9/25/22
BHA_1903,P0C,76,Fall,9/28/22
BHA_1904,P3S,63,Fall,9/28/22
BHA_1905,Y1T,12,Fall,9/28/22
BHA_1906,P0C,26,Fall,10/3/22
BHA_1907,P0C,28,Fall,10/3/22
BHA_1908,P0C,5,Fall,10/5/22
BHA_1909,P3S,1,Fall,10/3/22
BHA_1910,P3S,13,Fall,10/3/22
BHA_1911,P3S,5,Fall,10/5/22
BHA_1914,R2L,3,Fall,9/30/22
BHA_1915,P0C,36,Fall,10/5/22
BHA_1917,B4D,12,Fall,10/10/22
BHA_1918,B3S,19,Fall,10/5/22
BHA_1921,P0C,35,Fall,10/14/22
BHA_1922,P0C,59,Fall,10/14/22
BHA_1923,P3S,59,Fall,10/14/22
BHA_1924,P0C,40,Fall,10/14/22
BHA_1925,P3S,40,Fall,10/14/22
BHA_1926,P0C,6,Fall,10/14/22
BHA_1927,P3S,6,Fall,10/14/22
BHA_1928,P0C,30,Fall,10/10/22
BHA_1929,P3S,30,Fall,10/10/22
BHA_1930,P0C,63,Fall,10/17/22
BHA_1931,P3S,63,Fall,10/17/22
BHA_1939,B3S,10,Fall,10/18/22
BHA_1940,R2L,19,Fall,10/11/22
BHA_1941,B3S,22,Fall,10/19/22
BHA_1944,P0C,51,Fall,10/27/22
BHA_1945,P3S,51,Fall,10/28/22
BHA_1946,Y1T,14,Fall,10/26/22
BHA_1950,P0C,10,Fall,10/23/22
BHA_1953,P0C,10,Fall,10/24/22
BHA_1954,P3S,10,Fall,10/24/22
BHA_1955,Y1T,11,Fall,10/24/22
BHA_1958,P3S,34,Fall,10/26/22
BHA_1959,P0C,19,Fall,10/26/22
BHA_1960,R1T,18,Fall,10/20/22
BHA_1961,R1T,16,Fall,10/16/22
BHA_1962,R1T,2,Fall,10/18/22
BHA_1963,R2L,17,Fall,10/6/22
BHA_1964,R2L,17,Fall,10/9/22