beavCaptID,camDeployID,lodgeNumber,lodgeType,Season,inOutWater,timeOnLand
9,10,303,Pond,Spring,Yes,9
14,10,303,Pond,Spring,Yes,4
16,10,303,Pond,Spring,Yes,3
19,10,303,Pond,Spring,Yes,3
20,10,303,Pond,Spring,Yes,4
21,10,303,Pond,Spring,Yes,4
23,10,303,Pond,Spring,Yes,6
24,10,303,Pond,Spring,Yes,18
25,10,303,Pond,Spring,Yes,9
26,10,303,Pond,Spring,Yes,10
27,10,303,Pond,Spring,Yes,15
28,10,303,Pond,Spring,Yes,11
29,10,303,Pond,Spring,Yes,12
31,10,303,Pond,Spring,Yes,22
33,10,303,Pond,Spring,Yes,2
36,12,303,Pond,Spring,Yes,8
57,29,2985,Pond,Spring,Yes,3
58,29,2985,Pond,Spring,Yes,11
61,32,2985,Pond,Spring,Yes,7
128,18,3569,Lake,Spring,Yes,23
129,18,3569,Lake,Spring,Yes,19
130,18,3569,Lake,Spring,Yes,12
131,18,3569,Lake,Spring,Yes,3
132,18,3569,Lake,Spring,Yes,5
133,18,3569,Lake,Spring,Yes,14
135,18,3569,Lake,Spring,Yes,1
136,18,3569,Lake,Spring,Yes,15
137,18,3569,Lake,Spring,Yes,9
138,18,3569,Lake,Spring,Yes,19
139,18,3569,Lake,Spring,Yes,19
140,18,3569,Lake,Spring,Yes,4
141,18,3569,Lake,Spring,Yes,20
142,18,3569,Lake,Spring,Yes,12
143,18,3569,Lake,Spring,Yes,9
144,18,3569,Lake,Spring,Yes,3
145,18,3569,Lake,Spring,Yes,12
146,18,3569,Lake,Spring,Yes,17
147,18,3569,Lake,Spring,Yes,16
148,18,3569,Lake,Spring,Yes,12
149,18,3569,Lake,Spring,Yes,18
150,18,3569,Lake,Spring,Yes,20
151,18,3569,Lake,Spring,Yes,24
152,18,3569,Lake,Spring,Yes,4
153,18,3569,Lake,Spring,Yes,8
155,18,3569,Lake,Spring,Yes,13
156,18,3569,Lake,Spring,Yes,10
160,18,3569,Lake,Spring,Yes,16
162,18,3569,Lake,Spring,Yes,22
163,18,3569,Lake,Spring,Yes,12
164,18,3569,Lake,Spring,Yes,4
165,18,3569,Lake,Spring,Yes,6
166,18,3569,Lake,Spring,Yes,5
168,18,3569,Lake,Spring,Yes,3
169,18,3569,Lake,Spring,Yes,3
170,18,3569,Lake,Spring,Yes,5
171,18,3569,Lake,Spring,Yes,7
172,18,3569,Lake,Spring,Yes,3
173,18,3569,Lake,Spring,Yes,3
176,18,3569,Lake,Spring,Yes,1
177,18,3569,Lake,Spring,Yes,4
178,18,3569,Lake,Spring,Yes,5
183,18,3569,Lake,Spring,Yes,7
184,18,3569,Lake,Spring,Yes,6
187,18,3569,Lake,Spring,Yes,2
188,18,3569,Lake,Spring,Yes,6
190,18,3569,Lake,Spring,Yes,28
191,18,3569,Lake,Spring,Yes,19
192,18,3569,Lake,Spring,Yes,2
195,20,3569,Lake,Spring,Yes,2
196,40,1019,Lake,Spring,Yes,6
198,40,1019,Lake,Spring,Yes,2
293,42,2303,Pond,Spring,Yes,1
294,42,2303,Pond,Spring,Yes,1
295,42,2303,Pond,Spring,Yes,1
297,42,2303,Pond,Spring,Yes,2
298,42,2303,Pond,Spring,Yes,6
301,42,2303,Pond,Spring,Yes,3
302,42,2303,Pond,Spring,Yes,14
304,42,2303,Pond,Spring,Yes,3
306,42,2303,Pond,Spring,Yes,24
309,42,2303,Pond,Spring,Yes,6
313,42,2303,Pond,Spring,Yes,2
314,42,2303,Pond,Spring,Yes,8
315,42,2303,Pond,Spring,Yes,8
316,42,2303,Pond,Spring,Yes,12
317,42,2303,Pond,Spring,Yes,10
319,42,2303,Pond,Spring,Yes,4
322,42,2303,Pond,Spring,Yes,6
324,42,2303,Pond,Spring,Yes,3
326,43,2303,Pond,Spring,Yes,2
491,34,2326,Pond,Spring,Yes,1
498,46,3550,Lake,Spring,Yes,15
499,46,3550,Lake,Spring,Yes,10
500,46,3550,Lake,Spring,Yes,8
501,46,3550,Lake,Spring,Yes,14
502,46,3550,Lake,Spring,Yes,22
503,46,3550,Lake,Spring,Yes,3
504,46,3550,Lake,Spring,Yes,5
507,46,3550,Lake,Spring,Yes,12
510,46,3550,Lake,Spring,Yes,11
511,46,3550,Lake,Spring,Yes,29
512,46,3550,Lake,Spring,Yes,8
513,46,3550,Lake,Spring,Yes,10
514,46,3550,Lake,Spring,Yes,8
515,46,3550,Lake,Spring,Yes,9
517,46,3550,Lake,Spring,Yes,5
518,46,3550,Lake,Spring,Yes,3
519,46,3550,Lake,Spring,Yes,21
520,46,3550,Lake,Spring,Yes,9
521,46,3550,Lake,Spring,Yes,12
522,46,3550,Lake,Spring,Yes,8
524,46,3550,Lake,Spring,Yes,4
525,46,3550,Lake,Spring,Yes,2
526,46,3550,Lake,Spring,Yes,5
527,46,3550,Lake,Spring,Yes,3
528,46,3550,Lake,Spring,Yes,1
531,46,3550,Lake,Spring,Yes,2
532,46,3550,Lake,Spring,Yes,2
533,46,3550,Lake,Spring,Yes,7
534,46,3550,Lake,Spring,Yes,3
536,46,3550,Lake,Spring,Yes,4
537,46,3550,Lake,Spring,Yes,1
538,46,3550,Lake,Spring,Yes,2
539,46,3550,Lake,Spring,Yes,7
540,46,3550,Lake,Spring,Yes,8
541,46,3550,Lake,Spring,Yes,4
542,46,3550,Lake,Spring,Yes,10
543,46,3550,Lake,Spring,Yes,13
545,46,3550,Lake,Spring,Yes,11
547,46,3550,Lake,Spring,Yes,11
549,46,3550,Lake,Spring,Yes,23
550,46,3550,Lake,Spring,Yes,22
551,46,3550,Lake,Spring,Yes,6
553,46,3550,Lake,Spring,Yes,10
554,46,3550,Lake,Spring,Yes,2
555,46,3550,Lake,Spring,Yes,4
556,46,3550,Lake,Spring,Yes,10
557,46,3550,Lake,Spring,Yes,6
558,46,3550,Lake,Spring,Yes,20
560,46,3550,Lake,Spring,Yes,5
564,46,3550,Lake,Spring,Yes,3
568,46,3550,Lake,Spring,Yes,2
569,46,3550,Lake,Spring,Yes,3
570,46,3550,Lake,Spring,Yes,2
571,46,3550,Lake,Spring,Yes,3
572,46,3550,Lake,Spring,Yes,16
573,46,3550,Lake,Spring,Yes,14
574,46,3550,Lake,Spring,Yes,2
576,46,3550,Lake,Spring,Yes,2
577,46,3550,Lake,Spring,Yes,8
578,46,3550,Lake,Spring,Yes,12
580,46,3550,Lake,Spring,Yes,4
581,46,3550,Lake,Spring,Yes,3
582,46,3550,Lake,Spring,Yes,10
583,46,3550,Lake,Spring,Yes,12
584,46,3550,Lake,Spring,Yes,1
585,46,3550,Lake,Spring,Yes,1
586,46,3550,Lake,Spring,Yes,1
589,46,3550,Lake,Spring,Yes,3
590,46,3550,Lake,Spring,Yes,3
591,46,3550,Lake,Spring,Yes,4
592,46,3550,Lake,Spring,Yes,5
595,46,3550,Lake,Spring,Yes,2
597,46,3550,Lake,Spring,Yes,5
599,46,3550,Lake,Spring,Yes,21
601,46,3550,Lake,Spring,Yes,2
604,46,3550,Lake,Spring,Yes,5
605,46,3550,Lake,Spring,Yes,17
606,46,3550,Lake,Spring,Yes,18
608,46,3550,Lake,Spring,Yes,3
609,46,3550,Lake,Spring,Yes,3
610,46,3550,Lake,Spring,Yes,2
611,46,3550,Lake,Spring,Yes,3
614,46,3550,Lake,Spring,Yes,1
617,46,3550,Lake,Spring,Yes,7
618,46,3550,Lake,Spring,Yes,3
619,46,3550,Lake,Spring,Yes,3
622,46,3550,Lake,Spring,Yes,6
623,46,3550,Lake,Spring,Yes,6
624,46,3550,Lake,Spring,Yes,4
625,46,3550,Lake,Spring,Yes,3
628,46,3550,Lake,Spring,Yes,3
633,46,3550,Lake,Spring,Yes,2
634,46,3550,Lake,Spring,Yes,3
637,46,3550,Lake,Spring,Yes,8
638,46,3550,Lake,Spring,Yes,20
640,46,3550,Lake,Spring,Yes,17
641,46,3550,Lake,Spring,Yes,23
644,46,3550,Lake,Spring,Yes,14
646,46,3550,Lake,Spring,Yes,15
648,46,3550,Lake,Spring,Yes,9
650,46,3550,Lake,Spring,Yes,2
651,46,3550,Lake,Spring,Yes,1
652,46,3550,Lake,Spring,Yes,25
653,46,3550,Lake,Spring,Yes,9
655,47,3550,Lake,Spring,Yes,2
656,47,3550,Lake,Spring,Yes,2
742,64,2288,Pond,Spring,Yes,2
779,74,3557,Pond,Spring,Yes,2
780,74,3557,Pond,Spring,Yes,2
781,74,3557,Pond,Spring,Yes,2
783,74,3557,Pond,Spring,Yes,2
784,74,3557,Pond,Spring,Yes,6
785,74,3557,Pond,Spring,Yes,2
789,74,3557,Pond,Spring,Yes,2
790,74,3557,Pond,Spring,Yes,13
791,74,3557,Pond,Spring,Yes,2
794,74,3557,Pond,Spring,Yes,4
796,74,3557,Pond,Spring,Yes,1
797,74,3557,Pond,Spring,Yes,1
800,74,3557,Pond,Spring,Yes,8
801,74,3557,Pond,Spring,Yes,10
802,74,3557,Pond,Spring,Yes,1
803,74,3557,Pond,Spring,Yes,2
804,74,3557,Pond,Spring,Yes,3
808,74,3557,Pond,Spring,Yes,2
809,74,3557,Pond,Spring,Yes,5
811,74,3557,Pond,Spring,Yes,13
812,74,3557,Pond,Spring,Yes,4
817,74,3557,Pond,Spring,Yes,9
819,74,3557,Pond,Spring,Yes,1
821,75,3557,Pond,Spring,Yes,2
822,75,3557,Pond,Spring,Yes,1
826,75,3557,Pond,Spring,Yes,4
827,75,3557,Pond,Spring,Yes,4
830,75,3557,Pond,Spring,Yes,2
832,75,3557,Pond,Spring,Yes,1
841,75,3557,Pond,Spring,Yes,2
842,75,3557,Pond,Spring,Yes,9
845,75,3557,Pond,Spring,Yes,1
851,75,3557,Pond,Spring,Yes,1
854,75,3557,Pond,Spring,Yes,4
855,75,3557,Pond,Spring,Yes,11
856,75,3557,Pond,Spring,Yes,3
857,75,3557,Pond,Spring,Yes,2
858,75,3557,Pond,Spring,Yes,1
859,75,3557,Pond,Spring,Yes,1
860,75,3557,Pond,Spring,Yes,2
861,75,3557,Pond,Spring,Yes,2
863,75,3557,Pond,Spring,Yes,1
873,75,3557,Pond,Spring,Yes,3
875,75,3557,Pond,Spring,Yes,4
876,75,3557,Pond,Spring,Yes,3
878,75,3557,Pond,Spring,Yes,2
882,75,3557,Pond,Spring,Yes,1
883,75,3557,Pond,Spring,Yes,2
886,75,3557,Pond,Spring,Yes,2
887,75,3557,Pond,Spring,Yes,12
890,75,3557,Pond,Spring,yes,1
894,75,3557,Pond,Spring,Yes,2
895,75,3557,Pond,Spring,Yes,3
897,75,3557,Pond,Spring,Yes,1
898,75,3557,Pond,Spring,Yes,2
899,75,3557,Pond,Spring,Yes,2
900,75,3557,Pond,Spring,Yes,1
902,75,3557,Pond,Spring,Yes,3
903,75,3557,Pond,Spring,Yes,3
907,75,3557,Pond,Spring,Yes,1
910,75,3557,Pond,Spring,Yes,7
911,75,3557,Pond,Spring,Yes,1
915,75,3557,Pond,Spring,Yes,9
919,75,3557,Pond,Spring,Yes,5
920,75,3557,Pond,Spring,Yes,4
922,75,3557,Pond,Spring,Yes,2
923,75,3557,Pond,Spring,Yes,4
924,75,3557,Pond,Spring,Yes,2
929,75,3557,Pond,Spring,Yes,5
932,75,3557,Pond,Spring,Yes,3
934,75,3557,Pond,Spring,Yes,3
943,95,303,Pond,Summer,Yes,2
944,95,303,Pond,Summer,Yes,4
1045,88,2985,Pond,Summer,Yes,5
1056,83,3569,Lake,Summer,Yes,1
1058,83,3569,Lake,Summer,Yes,7
1059,83,3569,Lake,Summer,Yes,4
1062,83,3569,Lake,Summer,Yes,9
1064,83,3569,Lake,Summer,Yes,14
1074,83,3569,Lake,Summer,Yes,8
1075,83,3569,Lake,Summer,Yes,17
1078,83,3569,Lake,Summer,Yes,20
1079,83,3569,Lake,Summer,Yes,8
1080,83,3569,Lake,Summer,Yes,16
1081,84,3569,Lake,Summer,Yes,3
1082,84,3569,Lake,Summer,Yes,6
1083,84,3569,Lake,Summer,Yes,5
1084,84,3569,Lake,Summer,Yes,7
1085,84,3569,Lake,Summer,Yes,4
1086,84,3569,Lake,Summer,Yes,10
1087,84,3569,Lake,Summer,Yes,1
1088,84,3569,Lake,Summer,Yes,8
1089,84,3569,Lake,Summer,Yes,3
1090,84,3569,Lake,Summer,Yes,4
1091,84,3569,Lake,Summer,Yes,6
1092,84,3569,Lake,Summer,Yes,4
1093,84,3569,Lake,Summer,Yes,7
1094,84,3569,Lake,Summer,Yes,1
1095,84,3569,Lake,Summer,Yes,16
1097,84,3569,Lake,Summer,Yes,1
1099,84,3569,Lake,Summer,Yes,6
1100,84,3569,Lake,Summer,Yes,11
1101,84,3569,Lake,Summer,Yes,25
1102,84,3569,Lake,Summer,Yes,19
1103,84,3569,Lake,Summer,Yes,2
1104,84,3569,Lake,Summer,Yes,2
1105,84,3569,Lake,Summer,Yes,7
1108,84,3569,Lake,Summer,Yes,5
1110,84,3569,Lake,Summer,Yes,6
1111,84,3569,Lake,Summer,Yes,3
1113,84,3569,Lake,Summer,Yes,2
1115,84,3569,Lake,Summer,Yes,3
1116,84,3569,Lake,Summer,Yes,3
1117,84,3569,Lake,Summer,Yes,3
1118,84,3569,Lake,Summer,Yes,4
1119,84,3569,Lake,Summer,Yes,1
1120,84,3569,Lake,Summer,Yes,2
1121,84,3569,Lake,Summer,Yes,1
1122,84,3569,Lake,Summer,Yes,4
1123,84,3569,Lake,Summer,Yes,6
1133,84,3569,Lake,Summer,Yes,4
1135,84,3569,Lake,Summer,Yes,8
1136,84,3569,Lake,Summer,Yes,3
1138,84,3569,Lake,Summer,Yes,4
1140,84,3569,Lake,Summer,Yes,5
1142,84,3569,Lake,Summer,Yes,12
1143,84,3569,Lake,Summer,Yes,1
1145,84,3569,Lake,Summer,Yes,8
1146,84,3569,Lake,Summer,Yes,4
1147,84,3569,Lake,Summer,Yes,6
1148,84,3569,Lake,Summer,Yes,5
1149,84,3569,Lake,Summer,Yes,11
1151,84,3569,Lake,Summer,Yes,7
1152,84,3569,Lake,Summer,Yes,10
1153,84,3569,Lake,Summer,Yes,4
1154,84,3569,Lake,Summer,Yes,2
1155,84,3569,Lake,Summer,Yes,7
1156,84,3569,Lake,Summer,Yes,4
1159,84,3569,Lake,Summer,Yes,8
1160,84,3569,Lake,Summer,Yes,12
1161,84,3569,Lake,Summer,Yes,9
1162,84,3569,Lake,Summer,Yes,7
1163,84,3569,Lake,Summer,Yes,7
1165,84,3569,Lake,Summer,Yes,6
1167,84,3569,Lake,Summer,Yes,9
1169,84,3569,Lake,Summer,Yes,6
1170,84,3569,Lake,Summer,Yes,7
1171,84,3569,Lake,Summer,Yes,6
1172,84,3569,Lake,Summer,Yes,9
1173,84,3569,Lake,Summer,Yes,14
1174,84,3569,Lake,Summer,Yes,16
1176,84,3569,Lake,Summer,Yes,3
1177,84,3569,Lake,Summer,Yes,7
1178,84,3569,Lake,Summer,Yes,12
1179,84,3569,Lake,Summer,Yes,2
1180,84,3569,Lake,Summer,Yes,13
1181,84,3569,Lake,Summer,Yes,9
1185,84,3569,Lake,Summer,Yes,3
1186,84,3569,Lake,Summer,Yes,1
1187,84,3569,Lake,Summer,Yes,3
1189,84,3569,Lake,Summer,Yes,12
1191,84,3569,Lake,Summer,Yes,3
1192,84,3569,Lake,Summer,Yes,3
1193,84,3569,Lake,Summer,Yes,3
1194,84,3569,Lake,Summer,Yes,10
1195,84,3569,Lake,Summer,Yes,4
1200,84,3569,Lake,Summer,Yes,5
1201,84,3569,Lake,Summer,Yes,4
1202,84,3569,Lake,Summer,Yes,1
1205,84,3569,Lake,Summer,Yes,14
1206,84,3569,Lake,Summer,Yes,6
1209,84,3569,Lake,Summer,Yes,12
1211,84,3569,Lake,Summer,Yes,7
1212,84,3569,Lake,Summer,Yes,5
1213,84,3569,Lake,Summer,Yes,10
1215,84,3569,Lake,Summer,Yes,6
1218,84,3569,Lake,Summer,Yes,10
1220,84,3569,Lake,Summer,Yes,8
1221,84,3569,Lake,Summer,Yes,8
1222,84,3569,Lake,Summer,Yes,8
1227,84,3569,Lake,Summer,Yes,1
1228,84,3569,Lake,Summer,Yes,21
1229,84,3569,Lake,Summer,Yes,5
1234,84,3569,Lake,Summer,Yes,15
1237,84,3569,Lake,Summer,Yes,3
1239,84,3569,Lake,Summer,Yes,14
1240,84,3569,Lake,Summer,Yes,1
1241,84,3569,Lake,Summer,Yes,7
1242,84,3569,Lake,Summer,Yes,7
1244,84,3569,Lake,Summer,Yes,16
1246,84,3569,Lake,Summer,Yes,3
1249,84,3569,Lake,Summer,Yes,7
1251,84,3569,Lake,Summer,Yes,3
1253,84,3569,Lake,Summer,Yes,10
1255,84,3569,Lake,Summer,Yes,1
1256,84,3569,Lake,Summer,Yes,2
1257,84,3569,Lake,Summer,Yes,14
1259,84,3569,Lake,Summer,Yes,21
1262,84,3569,Lake,Summer,Yes,3
1263,84,3569,Lake,Summer,Yes,4
1264,84,3569,Lake,Summer,Yes,7
1266,84,3569,Lake,Summer,Yes,1
1267,84,3569,Lake,Summer,Yes,3
1268,84,3569,Lake,Summer,Yes,16
1269,84,3569,Lake,Summer,Yes,7
1270,84,3569,Lake,Summer,Yes,11
1271,84,3569,Lake,Summer,Yes,3
1272,84,3569,Lake,Summer,Yes,11
1273,84,3569,Lake,Summer,Yes,2
1275,84,3569,Lake,Summer,Yes,4
1276,84,3569,Lake,Summer,Yes,5
1277,84,3569,Lake,Summer,Yes,11
1279,84,3569,Lake,Summer,Yes,4
1280,84,3569,Lake,Summer,Yes,13
1282,84,3569,Lake,Summer,Yes,8
1283,84,3569,Lake,Summer,Yes,7
1284,84,3569,Lake,Summer,Yes,10
1285,84,3569,Lake,Summer,Yes,10
1286,84,3569,Lake,Summer,Yes,8
1287,84,3569,Lake,Summer,Yes,3
1289,84,3569,Lake,Summer,Yes,9
1291,84,3569,Lake,Summer,Yes,8
1292,84,3569,Lake,Summer,Yes,15
1293,84,3569,Lake,Summer,Yes,21
1294,84,3569,Lake,Summer,Yes,26
1295,84,3569,Lake,Summer,Yes,17
1297,84,3569,Lake,Summer,Yes,14
1298,84,3569,Lake,Summer,Yes,12
1299,84,3569,Lake,Summer,Yes,13
1300,84,3569,Lake,Summer,Yes,7
1301,84,3569,Lake,Summer,Yes,9
1304,84,3569,Lake,Summer,Yes,7
1305,84,3569,Lake,Summer,Yes,6
1308,84,3569,Lake,Summer,Yes,2
1309,84,3569,Lake,Summer,Yes,3
1312,84,3569,Lake,Summer,Yes,5
1319,84,3569,Lake,Summer,Yes,2
1320,84,3569,Lake,Summer,Yes,9
1322,84,3569,Lake,Summer,Yes,4
1323,84,3569,Lake,Summer,Yes,20
1324,84,3569,Lake,Summer,Yes,2
1327,84,3569,Lake,Summer,Yes,5
1328,84,3569,Lake,Summer,Yes,12
1329,84,3569,Lake,Summer,Yes,3
1330,106,1019,Lake,Summer,Yes,28
1335,106,1019,Lake,Summer,Yes,4
1336,106,1019,Lake,Summer,Yes,17
1337,106,1019,Lake,Summer,Yes,30
1339,106,1019,Lake,Summer,Yes,21
1340,106,1019,Lake,Summer,Yes,10
1342,106,1019,Lake,Summer,Yes,26
1343,106,1019,Lake,Summer,Yes,17
1344,106,1019,Lake,Summer,Yes,7
1346,106,1019,Lake,Summer,Yes,11
1347,107,1019,Lake,Summer,Yes,3
1649,110,2303,Pond,Summer,Yes,1
1723,103,2326,Pond,Summer,Yes,4
1724,103,2326,Pond,Summer,Yes,2
1725,103,2326,Pond,Summer,Yes,3
1726,103,2326,Pond,Summer,Yes,1
1727,103,2326,Pond,Summer,Yes,1
1728,103,2326,Pond,Summer,Yes,2
1729,103,2326,Pond,Summer,Yes,10
1731,103,2326,Pond,Summer,Yes,8
1732,103,2326,Pond,Summer,Yes,14
1733,103,2326,Pond,Summer,Yes,3
1735,118,3550,Lake,Summer,Yes,15
1737,119,3550,Lake,Summer,Yes,6
1738,119,3550,Lake,Summer,Yes,5
1740,119,3550,Lake,Summer,Yes,10
1744,119,3550,Lake,Summer,Yes,4
1749,119,3550,Lake,Summer,Yes,1
1752,119,3550,Lake,Summer,Yes,6
1757,120,3550,Lake,Summer,Yes,5
1758,120,3550,Lake,Summer,Yes,25
1759,120,3550,Lake,Summer,Yes,10
1760,120,3550,Lake,Summer,Yes,7
1762,120,3550,Lake,Summer,Yes,3
1763,120,3550,Lake,Summer,Yes,6
1764,120,3550,Lake,Summer,Yes,19
1765,120,3550,Lake,Summer,Yes,15
1769,120,3550,Lake,Summer,Yes,14
1770,120,3550,Lake,Summer,Yes,10
1775,120,3550,Lake,Summer,Yes,7
1776,120,3550,Lake,Summer,Yes,7
1777,120,3550,Lake,Summer,Yes,8
1778,120,3550,Lake,Summer,Yes,7
1780,120,3550,Lake,Summer,Yes,3
1781,120,3550,Lake,Summer,Yes,6
1782,120,3550,Lake,Summer,Yes,6
1785,120,3550,Lake,Summer,Yes,5
1875,134,2288,Pond,Summer,Yes,1
1876,134,2288,Pond,Summer,Yes,1
1879,134,2288,Pond,Summer,Yes,3
1883,134,2288,Pond,Summer,Yes,2
1885,134,2288,Pond,Summer,Yes,3
1889,135,2288,Pond,Summer,Yes,8
1890,135,2288,Pond,Summer,Yes,5
1891,135,2288,Pond,Summer,Yes,1
1892,135,2288,Pond,Summer,Yes,2
1893,135,2288,Pond,Summer,Yes,3
1894,135,2288,Pond,Summer,Yes,13
1896,135,2288,Pond,Summer,Yes,3
1897,135,2288,Pond,Summer,Yes,5
1898,135,2288,Pond,Summer,Yes,4
1899,135,2288,Pond,Summer,Yes,19
1900,135,2288,Pond,Summer,Yes,4
1901,135,2288,Pond,Summer,Yes,3
1906,135,2288,Pond,Summer,Yes,2
1911,135,2288,Pond,Summer,Yes,6
1914,135,2288,Pond,Summer,Yes,3
1915,135,2288,Pond,Summer,Yes,2
1916,135,2288,Pond,Summer,Yes,3
1917,135,2288,Pond,Summer,Yes,2
1918,135,2288,Pond,Summer,Yes,11
1919,135,2288,Pond,Summer,Yes,3
1920,135,2288,Pond,Summer,Yes,1
1922,135,2288,Pond,Summer,Yes,1
1923,135,2288,Pond,Summer,Yes,2
1929,135,2288,Pond,Summer,Yes,2
1930,135,2288,Pond,Summer,Yes,4
1931,135,2288,Pond,Summer,Yes,2
1934,135,2288,Pond,Summer,Yes,25
1935,135,2288,Pond,Summer,Yes,6
1936,135,2288,Pond,Summer,Yes,1
1937,135,2288,Pond,Summer,Yes,5
1940,135,2288,Pond,Summer,Yes,3
1941,135,2288,Pond,Summer,Yes,2
1943,135,2288,Pond,Summer,Yes,1
1944,135,2288,Pond,Summer,Yes,4
1945,135,2288,Pond,Summer,Yes,7
1946,135,2288,Pond,Summer,Yes,3
1947,135,2288,Pond,Summer,Yes,3
1948,135,2288,Pond,Summer,Yes,3
1950,135,2288,Pond,Summer,Yes,2
1951,135,2288,Pond,Summer,Yes,4
1952,135,2288,Pond,Summer,Yes,3
1955,135,2288,Pond,Summer,Yes,1
1956,135,2288,Pond,Summer,Yes,2
1957,135,2288,Pond,Summer,Yes,2
1958,135,2288,Pond,Summer,Yes,6
1959,135,2288,Pond,Summer,Yes,1
1964,135,2288,Pond,Summer,Yes,2
1965,135,2288,Pond,Summer,Yes,4
1969,135,2288,Pond,Summer,Yes,2
1970,135,2288,Pond,Summer,Yes,7
1971,135,2288,Pond,Summer,Yes,3
1974,135,2288,Pond,Summer,Yes,2
1976,135,2288,Pond,Summer,Yes,1
1977,135,2288,Pond,Summer,Yes,1
1982,135,2288,Pond,Summer,Yes,2
1983,135,2288,Pond,Summer,Yes,3
1984,135,2288,Pond,Summer,Yes,2
1986,135,2288,Pond,Summer,Yes,1
1988,135,2288,Pond,Summer,Yes,5
1990,135,2288,Pond,Summer,Yes,6
1991,135,2288,Pond,Summer,Yes,1
1992,135,2288,Pond,Summer,Yes,11
1994,135,2288,Pond,Summer,Yes,5
1995,135,2288,Pond,Summer,Yes,6
1996,135,2288,Pond,Summer,Yes,1
1998,135,2288,Pond,Summer,Yes,5
1999,135,2288,Pond,Summer,Yes,5
2001,135,2288,Pond,Summer,Yes,1
2003,135,2288,Pond,Summer,Yes,2
2004,135,2288,Pond,Summer,Yes,1
2006,135,2288,Pond,Summer,Yes,2
2008,135,2288,Pond,Summer,Yes,3
2010,135,2288,Pond,Summer,Yes,2
2011,135,2288,Pond,Summer,Yes,3
2012,135,2288,Pond,Summer,Yes,3
2013,135,2288,Pond,Summer,Yes,3
2015,135,2288,Pond,Summer,Yes,8
2017,135,2288,Pond,Summer,Yes,1
2018,135,2288,Pond,Summer,Yes,2
2020,135,2288,Pond,Summer,Yes,1
2021,135,2288,Pond,Summer,Yes,1
2028,135,2288,Pond,Summer,Yes,1
2033,135,2288,Pond,Summer,Yes,2
2036,135,2288,Pond,Summer,Yes,3
2038,135,2288,Pond,Summer,Yes,3
2039,135,2288,Pond,Summer,Yes,1
2041,135,2288,Pond,Summer,Yes,8
2042,135,2288,Pond,Summer,Yes,6
2047,135,2288,Pond,Summer,Yes,2
2051,135,2288,Pond,Summer,Yes,3
2052,135,2288,Pond,Summer,Yes,1
2055,135,2288,Pond,Summer,Yes,5
2058,136,2288,Pond,Summer,Yes,2
2059,136,2288,Pond,Summer,Yes,2
2060,136,2288,Pond,Summer,Yes,2
2062,136,2288,Pond,Summer,Yes,3
2089,138,3557,Pond,Summer,Yes,1
2090,138,3557,Pond,Summer,Yes,4
2091,138,3557,Pond,Summer,Yes,4
2093,138,3557,Pond,Summer,Yes,2
2094,138,3557,Pond,Summer,Yes,2
2095,138,3557,Pond,Summer,Yes,2
2096,139,3557,Pond,Summer,Yes,2
2097,139,3557,Pond,Summer,Yes,4
2099,139,3557,Pond,Summer,Yes,3
2102,139,3557,Pond,Summer,Yes,2
2103,140,3557,Pond,Summer,Yes,1
2104,140,3557,Pond,Summer,Yes,3
2105,140,3557,Pond,Summer,Yes,1
2106,140,3557,Pond,Summer,Yes,1
2109,140,3557,Pond,Summer,Yes,2
2110,140,3557,Pond,Summer,Yes,1
2112,140,3557,Pond,Summer,Yes,2
2117,140,3557,Pond,Summer,Yes,7
2118,140,3557,Pond,Summer,Yes,2
2119,140,3557,Pond,Summer,Yes,2
2120,140,3557,Pond,Summer,Yes,1
2123,140,3557,Pond,Summer,Yes,2
2126,140,3557,Pond,Summer,Yes,2
2131,140,3557,Pond,Summer,Yes,3
2133,140,3557,Pond,Summer,Yes,2
2137,140,3557,Pond,Summer,Yes,2
2139,140,3557,Pond,Summer,Yes,1
2142,140,3557,Pond,Summer,Yes,3
2144,140,3557,Pond,Summer,Yes,1
2145,140,3557,Pond,Summer,Yes,3
2300,127,1066,Lake,Summer,Yes,5
2301,127,1066,Lake,Summer,Yes,5
2302,127,1066,Lake,Summer,Yes,1
2303,127,1066,Lake,Summer,Yes,4
2306,154,303,Pond,Fall,Yes,5
2310,154,303,Pond,Fall,Yes,1
2312,154,303,Pond,Fall,Yes,3
2314,154,303,Pond,Fall,Yes,6
2315,154,303,Pond,Fall,Yes,7
2316,154,303,Pond,Fall,Yes,4
2317,154,303,Pond,Fall,Yes,8
2318,154,303,Pond,Fall,Yes,4
2321,154,303,Pond,Fall,Yes,7
2323,154,303,Pond,Fall,Yes,15
2324,154,303,Pond,Fall,Yes,5
2328,154,303,Pond,Fall,Yes,2
2329,154,303,Pond,Fall,Yes,8
2330,154,303,Pond,Fall,Yes,10
2331,155,303,Pond,Fall,Yes,14
2406,165,1537,Lake,Fall,Yes,3
2410,165,1537,Lake,Fall,Yes,7
2411,165,1537,Lake,Fall,Yes,22
2412,165,1537,Lake,Fall,Yes,6
2415,165,1537,Lake,Fall,Yes,22
2416,165,1537,Lake,Fall,Yes,11
2417,165,1537,Lake,Fall,Yes,7
2432,149,2985,Pond,Fall,Yes,2
2435,149,2985,Pond,Fall,Yes,1
2439,149,2985,Pond,Fall,Yes,5
2444,149,2985,Pond,Fall,Yes,3
2445,149,2985,Pond,Fall,Yes,2
2448,149,2985,Pond,Fall,Yes,1
2450,149,2985,Pond,Fall,Yes,4
2452,149,2985,Pond,Fall,Yes,2
2453,149,2985,Pond,Fall,Yes,3
2456,149,2985,Pond,Fall,Yes,2
2457,149,2985,Pond,Fall,Yes,25
2464,151,2985,Pond,Fall,Yes,1
2465,151,2985,Pond,Fall,Yes,9
2466,151,2985,Pond,Fall,Yes,10
2467,151,2985,Pond,Fall,Yes,2
2468,151,2985,Pond,Fall,Yes,2
2471,151,2985,Pond,Fall,Yes,5
2473,151,2985,Pond,Fall,Yes,6
2483,151,2985,Pond,Fall,Yes,2
2488,158,3569,Lake,Fall,Yes,12
2489,158,3569,Lake,Fall,Yes,6
2490,158,3569,Lake,Fall,Yes,14
2491,158,3569,Lake,Fall,Yes,4
2492,158,3569,Lake,Fall,Yes,3
2494,158,3569,Lake,Fall,Yes,18
2495,158,3569,Lake,Fall,Yes,13
2496,158,3569,Lake,Fall,Yes,30
2499,158,3569,Lake,Fall,Yes,2
2501,158,3569,Lake,Fall,Yes,5
2502,158,3569,Lake,Fall,Yes,17
2503,158,3569,Lake,Fall,Yes,1
2916,186,1019,Lake,Fall,Yes,9
2920,186,1019,Lake,Fall,Yes,3
2921,186,1019,Lake,Fall,Yes,5
2922,186,1019,Lake,Fall,Yes,5
2923,186,1019,Lake,Fall,Yes,2
2924,186,1019,Lake,Fall,Yes,15
2925,186,1019,Lake,Fall,Yes,3
2926,186,1019,Lake,Fall,Yes,1
2927,186,1019,Lake,Fall,Yes,4
2929,186,1019,Lake,Fall,Yes,3
2930,186,1019,Lake,Fall,Yes,3
2931,186,1019,Lake,Fall,Yes,4
2933,186,1019,Lake,Fall,Yes,14
2934,186,1019,Lake,Fall,Yes,4
2935,186,1019,Lake,Fall,Yes,2
2936,186,1019,Lake,Fall,Yes,3
2938,186,1019,Lake,Fall,Yes,2
2939,187,1019,Lake,Fall,Yes,15
2941,187,1019,Lake,Fall,Yes,1
2943,187,1019,Lake,Fall,Yes,2
2945,187,1019,Lake,Fall,Yes,2
2946,187,1019,Lake,Fall,Yes,5
2947,187,1019,Lake,Fall,Yes,8
2950,187,1019,Lake,Fall,Yes,18
2952,187,1019,Lake,Fall,Yes,7
2953,187,1019,Lake,Fall,Yes,5
2954,187,1019,Lake,Fall,Yes,16
2955,187,1019,Lake,Fall,Yes,17
2956,187,1019,Lake,Fall,Yes,3
2957,187,1019,Lake,Fall,Yes,19
2958,187,1019,Lake,Fall,Yes,14
2959,187,1019,Lake,Fall,Yes,4
2960,187,1019,Lake,Fall,Yes,10
2961,187,1019,Lake,Fall,Yes,19
2963,187,1019,Lake,Fall,Yes,2
2964,187,1019,Lake,Fall,Yes,3
2965,187,1019,Lake,Fall,Yes,4
2966,187,1019,Lake,Fall,Yes,21
2967,187,1019,Lake,Fall,Yes,12
2969,187,1019,Lake,Fall,Yes,2
2970,187,1019,Lake,Fall,Yes,2
2971,187,1019,Lake,Fall,Yes,2
2972,187,1019,Lake,Fall,Yes,16
2973,187,1019,Lake,Fall,Yes,27
2974,187,1019,Lake,Fall,Yes,4
2975,187,1019,Lake,Fall,Yes,5
2976,187,1019,Lake,Fall,Yes,7
2977,187,1019,Lake,Fall,Yes,3
2978,187,1019,Lake,Fall,Yes,6
2979,187,1019,Lake,Fall,Yes,4
2980,187,1019,Lake,Fall,Yes,5
2981,187,1019,Lake,Fall,Yes,27
2982,187,1019,Lake,Fall,Yes,28
2983,187,1019,Lake,Fall,Yes,9
2986,187,1019,Lake,Fall,Yes,3
2989,187,1019,Lake,Fall,Yes,19
2993,187,1019,Lake,Fall,Yes,7
2994,187,1019,Lake,Fall,Yes,21
2995,187,1019,Lake,Fall,Yes,7
2996,187,1019,Lake,Fall,Yes,2
2997,187,1019,Lake,Fall,Yes,2
3000,187,1019,Lake,Fall,Yes,4
3005,187,1019,Lake,Fall,Yes,6
3007,188,1019,Lake,Fall,Yes,1
3008,188,1019,Lake,Fall,Yes,6
3009,188,1019,Lake,Fall,Yes,10
3010,188,1019,Lake,Fall,Yes,5
3014,188,1019,Lake,Fall,Yes,6
3015,188,1019,Lake,Fall,Yes,10
3016,188,1019,Lake,Fall,Yes,5
3019,188,1019,Lake,Fall,Yes,8
3020,188,1019,Lake,Fall,Yes,11
3021,188,1019,Lake,Fall,Yes,11
3022,188,1019,Lake,Fall,Yes,9
3023,188,1019,Lake,Fall,Yes,5
3024,188,1019,Lake,Fall,Yes,10
3025,188,1019,Lake,Fall,Yes,10
3026,188,1019,Lake,Fall,Yes,4
3027,188,1019,Lake,Fall,Yes,10
3028,188,1019,Lake,Fall,Yes,4
3029,188,1019,Lake,Fall,Yes,12
3030,188,1019,Lake,Fall,Yes,8
3034,188,1019,Lake,Fall,Yes,14
3035,188,1019,Lake,Fall,Yes,5
3036,188,1019,Lake,Fall,Yes,21
3037,188,1019,Lake,Fall,Yes,9
3039,188,1019,Lake,Fall,Yes,3
3040,188,1019,Lake,Fall,Yes,11
3041,188,1019,Lake,Fall,Yes,3
3042,188,1019,Lake,Fall,Yes,3
3043,188,1019,Lake,Fall,Yes,4
3044,188,1019,Lake,Fall,Yes,4
3045,188,1019,Lake,Fall,Yes,3
3046,188,1019,Lake,Fall,Yes,6
3048,188,1019,Lake,Fall,Yes,16
3049,188,1019,Lake,Fall,Yes,27
3050,188,1019,Lake,Fall,Yes,10
3052,188,1019,Lake,Fall,Yes,13
3053,188,1019,Lake,Fall,Yes,5
3055,188,1019,Lake,Fall,Yes,10
3056,188,1019,Lake,Fall,Yes,6
3057,188,1019,Lake,Fall,Yes,6
3059,188,1019,Lake,Fall,Yes,19
3061,188,1019,Lake,Fall,Yes,7
3063,188,1019,Lake,Fall,Yes,5
3064,188,1019,Lake,Fall,Yes,8
3065,188,1019,Lake,Fall,Yes,2
3066,188,1019,Lake,Fall,Yes,7
3068,188,1019,Lake,Fall,Yes,7
3070,188,1019,Lake,Fall,Yes,3
3072,188,1019,Lake,Fall,Yes,10
3073,188,1019,Lake,Fall,Yes,7
3074,188,1019,Lake,Fall,Yes,3
3075,188,1019,Lake,Fall,Yes,4
3076,188,1019,Lake,Fall,Yes,7
3077,188,1019,Lake,Fall,Yes,10
3078,188,1019,Lake,Fall,Yes,1
3079,188,1019,Lake,Fall,Yes,2
3080,188,1019,Lake,Fall,Yes,5
3081,188,1019,Lake,Fall,Yes,4
3082,188,1019,Lake,Fall,Yes,16
3083,188,1019,Lake,Fall,Yes,3
3084,188,1019,Lake,Fall,Yes,4
3085,188,1019,Lake,Fall,Yes,4
3087,188,1019,Lake,Fall,Yes,12
3088,188,1019,Lake,Fall,Yes,4
3089,188,1019,Lake,Fall,Yes,5
3090,188,1019,Lake,Fall,Yes,5
3091,188,1019,Lake,Fall,Yes,4
3092,188,1019,Lake,Fall,Yes,4
3093,188,1019,Lake,Fall,Yes,11
3094,188,1019,Lake,Fall,Yes,3
3096,188,1019,Lake,Fall,Yes,3
3097,188,1019,Lake,Fall,Yes,7
3098,188,1019,Lake,Fall,Yes,4
3099,188,1019,Lake,Fall,Yes,6
3100,188,1019,Lake,Fall,Yes,6
3101,188,1019,Lake,Fall,Yes,2
3104,188,1019,Lake,Fall,Yes,12
3105,188,1019,Lake,Fall,Yes,3
3106,188,1019,Lake,Fall,Yes,6
3107,188,1019,Lake,Fall,Yes,3
3108,188,1019,Lake,Fall,Yes,6
3109,188,1019,Lake,Fall,Yes,2
3110,188,1019,Lake,Fall,Yes,2
3556,189,2303,Pond,Fall,Yes,1
3559,189,2303,Pond,Fall,Yes,1
3567,190,2303,Pond,Fall,Yes,3
3569,190,2303,Pond,Fall,Yes,4
3570,190,2303,Pond,Fall,Yes,4
3571,190,2303,Pond,Fall,Yes,2
3574,190,2303,Pond,Fall,Yes,23
3575,190,2303,Pond,Fall,Yes,1
3577,190,2303,Pond,Fall,Yes,2
3582,191,2303,Pond,Fall,Yes,2
3584,191,2303,Pond,Fall,Yes,3
3585,191,2303,Pond,Fall,Yes,2
3587,191,2303,Pond,Fall,Yes,1
3588,191,2303,Pond,Fall,Yes,2
3589,191,2303,Pond,Fall,Yes,2
3590,191,2303,Pond,Fall,Yes,6
3592,191,2303,Pond,Fall,Yes,1
3594,191,2303,Pond,Fall,Yes,1
3599,191,2303,Pond,Fall,Yes,1
3602,191,2303,Pond,Fall,Yes,2
3603,191,2303,Pond,Fall,Yes,2
3604,191,2303,Pond,Fall,Yes,2
3605,191,2303,Pond,Fall,Yes,2
3606,191,2303,Pond,Fall,Yes,3
3608,191,2303,Pond,Fall,Yes,7
3609,191,2303,Pond,Fall,Yes,4
3613,191,2303,Pond,Fall,Yes,15
3614,191,2303,Pond,Fall,Yes,5
3615,191,2303,Pond,Fall,Yes,3
3616,191,2303,Pond,Fall,Yes,3
3618,191,2303,Pond,Fall,Yes,4
3619,191,2303,Pond,Fall,Yes,1
3621,191,2303,Pond,Fall,Yes,3
3622,191,2303,Pond,Fall,Yes,2
3623,191,2303,Pond,Fall,Yes,3
3625,191,2303,Pond,Fall,Yes,1
3626,191,2303,Pond,Fall,Yes,2
3627,191,2303,Pond,Fall,Yes,4
3628,191,2303,Pond,Fall,Yes,6
3630,191,2303,Pond,Fall,Yes,4
3631,191,2303,Pond,Fall,Yes,3
3632,191,2303,Pond,Fall,Yes,2
3633,191,2303,Pond,Fall,Yes,3
3635,191,2303,Pond,Fall,Yes,5
3636,191,2303,Pond,Fall,Yes,4
3638,191,2303,Pond,Fall,Yes,1
3639,191,2303,Pond,Fall,Yes,2
3640,191,2303,Pond,Fall,Yes,3
3642,191,2303,Pond,Fall,Yes,5
3644,191,2303,Pond,Fall,Yes,2
3686,193,2326,Pond,Fall,Yes,1
3691,193,2326,Pond,Fall,Yes,2
3692,193,2326,Pond,Fall,Yes,2
3693,193,2326,Pond,Fall,Yes,2
3694,193,2326,Pond,Fall,Yes,3
3696,193,2326,Pond,Fall,Yes,1
3697,193,2326,Pond,Fall,Yes,2
3928,181,2802,Lake,Fall,Yes,7
3930,181,2802,Lake,Fall,Yes,3
3931,181,2802,Lake,Fall,Yes,4
3933,181,2802,Lake,Fall,Yes,3
3935,181,2802,Lake,Fall,Yes,8
3936,181,2802,Lake,Fall,Yes,7
3937,181,2802,Lake,Fall,Yes,6
3940,181,2802,Lake,Fall,Yes,12
3944,181,2802,Lake,Fall,Yes,3
3947,181,2802,Lake,Fall,Yes,19
3948,181,2802,Lake,Fall,Yes,2
3949,181,2802,Lake,Fall,Yes,17
3950,181,2802,Lake,Fall,Yes,9
3952,181,2802,Lake,Fall,Yes,11
3958,181,2802,Lake,Fall,Yes,9
3959,181,2802,Lake,Fall,Yes,6
3961,181,2802,Lake,Fall,Yes,10
3963,182,2802,Lake,Fall,Yes,6
3964,182,2802,Lake,Fall,Yes,10
3966,182,2802,Lake,Fall,Yes,14
3967,182,2802,Lake,Fall,Yes,6
3968,182,2802,Lake,Fall,Yes,6
3971,182,2802,Lake,Fall,Yes,3
3974,182,2802,Lake,Fall,Yes,17
3976,182,2802,Lake,Fall,Yes,25
3978,182,2802,Lake,Fall,Yes,4
3979,182,2802,Lake,Fall,Yes,7
3982,182,2802,Lake,Fall,Yes,1
3984,182,2802,Lake,Fall,Yes,8
3985,182,2802,Lake,Fall,Yes,7
3986,182,2802,Lake,Fall,Yes,2
3987,182,2802,Lake,Fall,Yes,4
3988,182,2802,Lake,Fall,Yes,12
3989,182,2802,Lake,Fall,Yes,7
3990,182,2802,Lake,Fall,Yes,7
3991,182,2802,Lake,Fall,Yes,9
3992,182,2802,Lake,Fall,Yes,6
3993,182,2802,Lake,Fall,Yes,8
3994,182,2802,Lake,Fall,Yes,4
3995,182,2802,Lake,Fall,Yes,6
3999,182,2802,Lake,Fall,Yes,1
4002,182,2802,Lake,Fall,Yes,4
4006,182,2802,Lake,Fall,Yes,2
4007,182,2802,Lake,Fall,Yes,6
4008,182,2802,Lake,Fall,Yes,4
4009,182,2802,Lake,Fall,Yes,2
4010,182,2802,Lake,Fall,Yes,11
4011,182,2802,Lake,Fall,Yes,5
4012,182,2802,Lake,Fall,Yes,9
4013,182,2802,Lake,Fall,Yes,8
4014,182,2802,Lake,Fall,Yes,9
4017,182,2802,Lake,Fall,Yes,7
4019,183,2802,Lake,Fall,Yes,4
4020,183,2802,Lake,Fall,Yes,6
4022,183,2802,Lake,Fall,Yes,4
4023,183,2802,Lake,Fall,Yes,12
4024,183,2802,Lake,Fall,Yes,2
4026,183,2802,Lake,Fall,Yes,14
4027,183,2802,Lake,Fall,Yes,13
4029,183,2802,Lake,Fall,Yes,3
4030,183,2802,Lake,Fall,Yes,4
4031,183,2802,Lake,Fall,Yes,12
4032,183,2802,Lake,Fall,Yes,4
4033,183,2802,Lake,Fall,Yes,4
4034,183,2802,Lake,Fall,Yes,5
4035,183,2802,Lake,Fall,Yes,6
4036,183,2802,Lake,Fall,Yes,1
4038,183,2802,Lake,Fall,Yes,4
4040,183,2802,Lake,Fall,Yes,13
4042,183,2802,Lake,Fall,Yes,8
4043,183,2802,Lake,Fall,Yes,17
4044,183,2802,Lake,Fall,Yes,27
4045,183,2802,Lake,Fall,Yes,3
4047,183,2802,Lake,Fall,Yes,4
4048,183,2802,Lake,Fall,Yes,2
4049,183,2802,Lake,Fall,Yes,10
4051,183,2802,Lake,Fall,Yes,3
4052,183,2802,Lake,Fall,Yes,5
4053,183,2802,Lake,Fall,Yes,6
4054,183,2802,Lake,Fall,Yes,14
4057,183,2802,Lake,Fall,Yes,5
4059,183,2802,Lake,Fall,Yes,9
4060,183,2802,Lake,Fall,Yes,4
4065,183,2802,Lake,Fall,Yes,19
4066,183,2802,Lake,Fall,Yes,8
4068,183,2802,Lake,Fall,Yes,13
4069,183,2802,Lake,Fall,Yes,15
4070,183,2802,Lake,Fall,Yes,9
4071,183,2802,Lake,Fall,Yes,7
4075,183,2802,Lake,Fall,Yes,17
4392,218,2288,Pond,Fall,Yes,1
4395,218,2288,Pond,Fall,Yes,2
4397,218,2288,Pond,Fall,Yes,5
4398,218,2288,Pond,Fall,Yes,8
4399,218,2288,Pond,Fall,Yes,9
4400,218,2288,Pond,Fall,Yes,10
4401,218,2288,Pond,Fall,Yes,3
4403,218,2288,Pond,Fall,Yes,1
4404,218,2288,Pond,Fall,Yes,2
4407,218,2288,Pond,Fall,Yes,4
4415,218,2288,Pond,Fall,Yes,23
4417,218,2288,Pond,Fall,Yes,9
4420,218,2288,Pond,Fall,Yes,15
4423,218,2288,Pond,Fall,Yes,1
4424,218,2288,Pond,Fall,Yes,2
4426,218,2288,Pond,Fall,Yes,2
4428,218,2288,Pond,Fall,Yes,21
4431,218,2288,Pond,Fall,Yes,3
4433,218,2288,Pond,Fall,Yes,3
4435,218,2288,Pond,Fall,Yes,3
4437,218,2288,Pond,Fall,Yes,3
4438,218,2288,Pond,Fall,Yes,6
4440,218,2288,Pond,Fall,Yes,2
4441,218,2288,Pond,Fall,Yes,1
4442,218,2288,Pond,Fall,Yes,4
4444,218,2288,Pond,Fall,Yes,5
4447,218,2288,Pond,Fall,Yes,5
4448,218,2288,Pond,Fall,Yes,2
4449,218,2288,Pond,Fall,Yes,10
4450,218,2288,Pond,Fall,Yes,3
4451,218,2288,Pond,Fall,Yes,6
4452,218,2288,Pond,Fall,Yes,15
4454,218,2288,Pond,Fall,Yes,5
4455,218,2288,Pond,Fall,Yes,13
4456,218,2288,Pond,Fall,Yes,7
4458,218,2288,Pond,Fall,Yes,5
4462,218,2288,Pond,Fall,Yes,2
4463,218,2288,Pond,Fall,Yes,6
4467,218,2288,Pond,Fall,Yes,3
4468,218,2288,Pond,Fall,Yes,4
4472,218,2288,Pond,Fall,Yes,9
4475,218,2288,Pond,Fall,Yes,2
4480,218,2288,Pond,Fall,Yes,17
4481,218,2288,Pond,Fall,Yes,5
4484,218,2288,Pond,Fall,Yes,3
4485,218,2288,Pond,Fall,Yes,2
4488,218,2288,Pond,Fall,Yes,1
4489,218,2288,Pond,Fall,Yes,3
4491,218,2288,Pond,Fall,Yes,4
4492,218,2288,Pond,Fall,Yes,4
4494,218,2288,Pond,Fall,Yes,13
4496,218,2288,Pond,Fall,Yes,9
4497,218,2288,Pond,Fall,Yes,3
4498,218,2288,Pond,Fall,Yes,3
4501,218,2288,Pond,Fall,Yes,7
4502,218,2288,Pond,Fall,Yes,7
4503,218,2288,Pond,Fall,Yes,4
4504,218,2288,Pond,Fall,Yes,3
4506,218,2288,Pond,Fall,Yes,3
4507,218,2288,Pond,Fall,Yes,1
4508,219,2288,Pond,Fall,Yes,9
4510,219,2288,Pond,Fall,Yes,2
4515,219,2288,Pond,Fall,Yes,1
4519,219,2288,Pond,Fall,Yes,7
4520,219,2288,Pond,Fall,Yes,3
4521,219,2288,Pond,Fall,Yes,1
4522,219,2288,Pond,Fall,Yes,3
4523,219,2288,Pond,Fall,Yes,7
4524,219,2288,Pond,Fall,Yes,7
4525,219,2288,Pond,Fall,Yes,2
4526,219,2288,Pond,Fall,Yes,5
4527,219,2288,Pond,Fall,Yes,5
4528,219,2288,Pond,Fall,Yes,7
4530,219,2288,Pond,Fall,Yes,3
4532,219,2288,Pond,Fall,Yes,4
4533,219,2288,Pond,Fall,Yes,2
4534,219,2288,Pond,Fall,Yes,2
4536,219,2288,Pond,Fall,Yes,4
4538,219,2288,Pond,Fall,Yes,6
4540,219,2288,Pond,Fall,Yes,9
4543,219,2288,Pond,Fall,Yes,13
4544,219,2288,Pond,Fall,Yes,16
4545,219,2288,Pond,Fall,Yes,3
4546,219,2288,Pond,Fall,Yes,8
4547,219,2288,Pond,Fall,Yes,12
4549,219,2288,Pond,Fall,Yes,2
4550,219,2288,Pond,Fall,Yes,7
4552,219,2288,Pond,Fall,Yes,5
4554,219,2288,Pond,Fall,Yes,18
4555,219,2288,Pond,Fall,Yes,17
4559,219,2288,Pond,Fall,Yes,1
4561,219,2288,Pond,Fall,Yes,10
4562,219,2288,Pond,Fall,Yes,1
4563,219,2288,Pond,Fall,Yes,2
4564,219,2288,Pond,Fall,Yes,2
4565,219,2288,Pond,Fall,Yes,7
4567,219,2288,Pond,Fall,Yes,23
4568,219,2288,Pond,Fall,Yes,9
4569,219,2288,Pond,Fall,Yes,18
4572,219,2288,Pond,Fall,Yes,2
4573,219,2288,Pond,Fall,Yes,3
4576,219,2288,Pond,Fall,Yes,4
4577,219,2288,Pond,Fall,Yes,3
4578,219,2288,Pond,Fall,Yes,6
4579,219,2288,Pond,Fall,Yes,3
4580,219,2288,Pond,Fall,Yes,8
4581,219,2288,Pond,Fall,Yes,1
4584,219,2288,Pond,Fall,Yes,8
4585,219,2288,Pond,Fall,Yes,2
4586,219,2288,Pond,Fall,Yes,3
4587,219,2288,Pond,Fall,Yes,1
4588,219,2288,Pond,Fall,Yes,7
4590,219,2288,Pond,Fall,Yes,3
4593,219,2288,Pond,Fall,Yes,3
4597,219,2288,Pond,Fall,Yes,1
4598,219,2288,Pond,Fall,Yes,12
4599,219,2288,Pond,Fall,Yes,7
4600,219,2288,Pond,Fall,Yes,7
4602,219,2288,Pond,Fall,Yes,1
4606,219,2288,Pond,Fall,Yes,2
4607,219,2288,Pond,Fall,Yes,3
4608,219,2288,Pond,Fall,Yes,2
4609,219,2288,Pond,Fall,Yes,3
4612,219,2288,Pond,Fall,Yes,21
4614,219,2288,Pond,Fall,Yes,2
4617,219,2288,Pond,Fall,Yes,2
4618,219,2288,Pond,Fall,Yes,24
4619,219,2288,Pond,Fall,Yes,21
4620,219,2288,Pond,Fall,Yes,13
4621,219,2288,Pond,Fall,Yes,4
4623,219,2288,Pond,Fall,Yes,20
4625,219,2288,Pond,Fall,Yes,6
4626,219,2288,Pond,Fall,Yes,12
4627,219,2288,Pond,Fall,Yes,2
4628,219,2288,Pond,Fall,Yes,2
4631,219,2288,Pond,Fall,Yes,2
4632,219,2288,Pond,Fall,Yes,1
4635,219,2288,Pond,Fall,Yes,2
4636,219,2288,Pond,Fall,Yes,7
4639,219,2288,Pond,Fall,Yes,10
4642,219,2288,Pond,Fall,Yes,1
4644,219,2288,Pond,Fall,Yes,3
4645,219,2288,Pond,Fall,Yes,2
4646,219,2288,Pond,Fall,Yes,3
4647,219,2288,Pond,Fall,Yes,8
4649,219,2288,Pond,Fall,Yes,5
4650,219,2288,Pond,Fall,Yes,2
4651,219,2288,Pond,Fall,Yes,2
4652,219,2288,Pond,Fall,Yes,1
4653,219,2288,Pond,Fall,Yes,2
4654,219,2288,Pond,Fall,Yes,3
4655,219,2288,Pond,Fall,Yes,6
4658,219,2288,Pond,Fall,Yes,2
4659,219,2288,Pond,Fall,Yes,3
4660,219,2288,Pond,Fall,Yes,4
4661,219,2288,Pond,Fall,Yes,2
4662,219,2288,Pond,Fall,Yes,4
4663,219,2288,Pond,Fall,Yes,4
4665,219,2288,Pond,Fall,Yes,2
4667,219,2288,Pond,Fall,Yes,3
4669,219,2288,Pond,Fall,Yes,2
4670,219,2288,Pond,Fall,Yes,7
4671,219,2288,Pond,Fall,Yes,1
4672,219,2288,Pond,Fall,Yes,6
4673,219,2288,Pond,Fall,Yes,3
4674,219,2288,Pond,Fall,Yes,6
4675,219,2288,Pond,Fall,Yes,11
4676,219,2288,Pond,Fall,Yes,2
4677,219,2288,Pond,Fall,Yes,1
4678,219,2288,Pond,Fall,Yes,2
4679,219,2288,Pond,Fall,Yes,3
4680,219,2288,Pond,Fall,Yes,5
4681,219,2288,Pond,Fall,Yes,3
4683,219,2288,Pond,Fall,Yes,3
4684,219,2288,Pond,Fall,Yes,1
4686,219,2288,Pond,Fall,Yes,6
4688,219,2288,Pond,Fall,Yes,2
4689,219,2288,Pond,Fall,Yes,7
4690,219,2288,Pond,Fall,Yes,14
4691,219,2288,Pond,Fall,Yes,3
4692,219,2288,Pond,Fall,Yes,5
4695,219,2288,Pond,Fall,Yes,9
4696,219,2288,Pond,Fall,Yes,15
4697,219,2288,Pond,Fall,Yes,7
4702,219,2288,Pond,Fall,Yes,3
4704,219,2288,Pond,Fall,Yes,1
4709,219,2288,Pond,Fall,Yes,2
4711,219,2288,Pond,Fall,Yes,1
4712,219,2288,Pond,Fall,Yes,2
4714,219,2288,Pond,Fall,Yes,2
4715,219,2288,Pond,Fall,Yes,2
4718,220,2288,Pond,Fall,Yes,1
4719,220,2288,Pond,Fall,Yes,4
4722,220,2288,Pond,Fall,Yes,4
4723,220,2288,Pond,Fall,Yes,9
4725,220,2288,Pond,Fall,Yes,1
4726,220,2288,Pond,Fall,Yes,5
4729,220,2288,Pond,Fall,Yes,1
4730,220,2288,Pond,Fall,Yes,1
4899,198,3198,Lake,Fall,Yes,1
4903,199,3198,Lake,Fall,Yes,21
4907,200,3198,Lake,Fall,Yes,25
4913,200,3198,Lake,Fall,Yes,4
4914,200,3198,Lake,Fall,Yes,3
4915,200,3198,Lake,Fall,Yes,4
4926,215,3557,Pond,Fall,Yes,10
4928,215,3557,Pond,Fall,Yes,16
4929,215,3557,Pond,Fall,Yes,5
4930,215,3557,Pond,Fall,Yes,15
4931,215,3557,Pond,Fall,Yes,13
4933,215,3557,Pond,Fall,Yes,1
4935,215,3557,Pond,Fall,Yes,2
4937,215,3557,Pond,Fall,Yes,3
4938,215,3557,Pond,Fall,Yes,4
4939,215,3557,Pond,Fall,Yes,3
4940,215,3557,Pond,Fall,Yes,14
4942,215,3557,Pond,Fall,Yes,4
4943,215,3557,Pond,Fall,Yes,5
4944,215,3557,Pond,Fall,Yes,4
4945,215,3557,Pond,Fall,Yes,3
4947,215,3557,Pond,Fall,Yes,2
4952,215,3557,Pond,Fall,Yes,2
4953,215,3557,Pond,Fall,Yes,2
4954,215,3557,Pond,Fall,Yes,1
4955,215,3557,Pond,Fall,Yes,3
4956,215,3557,Pond,Fall,Yes,1
4957,215,3557,Pond,Fall,Yes,4
4958,215,3557,Pond,Fall,Yes,2
4960,215,3557,Pond,Fall,Yes,14
4961,215,3557,Pond,Fall,Yes,15
4963,215,3557,Pond,Fall,Yes,1
4965,215,3557,Pond,Fall,Yes,2
4966,215,3557,Pond,Fall,Yes,11
4967,215,3557,Pond,Fall,Yes,16
4968,215,3557,Pond,Fall,Yes,7
4972,215,3557,Pond,Fall,Yes,7
4974,215,3557,Pond,Fall,Yes,9
4975,215,3557,Pond,Fall,Yes,7
4976,215,3557,Pond,Fall,Yes,5
4980,215,3557,Pond,Fall,Yes,3
4981,215,3557,Pond,Fall,Yes,4
4984,215,3557,Pond,Fall,Yes,3
4990,215,3557,Pond,Fall,Yes,4
4991,215,3557,Pond,Fall,Yes,4
4992,215,3557,Pond,Fall,Yes,2
4993,215,3557,Pond,Fall,Yes,1
4994,215,3557,Pond,Fall,Yes,4
4995,215,3557,Pond,Fall,Yes,12
4997,215,3557,Pond,Fall,Yes,6
4999,215,3557,Pond,Fall,Yes,9
5522,230,1058,Lake,Fall,Yes,2
5524,230,1058,Lake,Fall,Yes,14
5526,230,1058,Lake,Fall,Yes,11
5527,230,1058,Lake,Fall,Yes,2
5528,230,1058,Lake,Fall,Yes,4
5531,230,1058,Lake,Fall,Yes,2
5532,230,1058,Lake,Fall,Yes,1
5534,230,1058,Lake,Fall,Yes,3
5538,230,1058,Lake,Fall,Yes,2
5539,231,1058,Lake,Fall,Yes,3
5540,231,1058,Lake,Fall,Yes,4
5542,231,1058,Lake,Fall,Yes,3
5544,231,1058,Lake,Fall,Yes,3
5545,231,1058,Lake,Fall,Yes,6
5546,231,1058,Lake,Fall,Yes,4
5547,232,1058,Lake,Fall,Yes,1
5836,227,1794,Lake,Fall,Yes,3
5837,227,1794,Lake,Fall,Yes,4
5840,227,1794,Lake,Fall,Yes,1
5841,227,1794,Lake,Fall,Yes,2
5842,227,1794,Lake,Fall,Yes,4
6350,301,1282,Lake,Spring,Yes,2
6353,301,1282,Lake,Spring,Yes,3
6354,301,1282,Lake,Spring,Yes,9
6355,301,1282,Lake,Spring,Yes,3
6356,301,1282,Lake,Spring,Yes,10
6358,302,1282,Lake,Spring,Yes,11
6359,302,1282,Lake,Spring,Yes,1
6361,302,1282,Lake,Spring,Yes,2
6367,310,3213,Pond,Spring,Yes,4
6368,310,3213,Pond,Spring,Yes,3
6379,312,3213,Pond,Spring,Yes,2
6380,312,3213,Pond,Spring,Yes,5
6381,312,3213,Pond,Spring,Yes,7
6690,306,3348,Pond,Spring,Yes,7
6693,306,3348,Pond,Spring,Yes,9
6694,306,3348,Pond,Spring,Yes,10
6695,306,3348,Pond,Spring,Yes,15
6696,306,3348,Pond,Spring,Yes,2
6697,306,3348,Pond,Spring,Yes,1
6698,306,3348,Pond,Spring,Yes,5
6699,306,3348,Pond,Spring,Yes,12
6703,306,3348,Pond,Spring,Yes,14
6704,306,3348,Pond,Spring,Yes,11
6705,306,3348,Pond,Spring,Yes,3
6706,306,3348,Pond,Spring,Yes,6
6708,308,3348,Pond,Spring,Yes,8
6711,308,3348,Pond,Spring,Yes,8
6722,298,3898,Lake,Spring,Yes,2
6723,298,3898,Lake,Spring,Yes,4
6724,298,3898,Lake,Spring,Yes,2
6725,298,3898,Lake,Spring,Yes,3
6727,298,3898,Lake,Spring,Yes,3
6728,298,3898,Lake,Spring,Yes,8
6729,298,3898,Lake,Spring,Yes,5
6762,321,3224,Pond,Summer,Yes,3
6764,321,3224,Pond,Summer,Yes,26
6765,321,3224,Pond,Summer,Yes,2
6768,321,3224,Pond,Summer,Yes,3
6773,322,3224,Pond,Summer,Yes,3
7253,350,1152,Pond,Summer,Yes,4
7254,350,1152,Pond,Summer,Yes,4
7255,350,1152,Pond,Summer,Yes,7
7256,350,1152,Pond,Summer,Yes,4
7258,350,1152,Pond,Summer,Yes,1
7262,351,1152,Pond,Summer,Yes,4
7263,351,1152,Pond,Summer,Yes,2
7265,351,1152,Pond,Summer,Yes,3
7266,352,1152,Pond,Summer,Yes,4
7267,352,1152,Pond,Summer,Yes,1
7269,359,1519,Lake,Summer,Yes,1
7273,359,1519,Lake,Summer,Yes,4
7275,360,1519,Lake,Summer,Yes,8
7276,360,1519,Lake,Summer,Yes,5
7277,360,1519,Lake,Summer,Yes,4
7278,360,1519,Lake,Summer,Yes,3
7279,360,1519,Lake,Summer,Yes,8
7280,360,1519,Lake,Summer,Yes,4
7282,360,1519,Lake,Summer,Yes,5
7283,360,1519,Lake,Summer,Yes,9
7284,360,1519,Lake,Summer,Yes,7
7285,360,1519,Lake,Summer,Yes,5
7286,360,1519,Lake,Summer,Yes,5
7287,360,1519,Lake,Summer,Yes,21
7289,360,1519,Lake,Summer,Yes,9
7290,360,1519,Lake,Summer,Yes,10
7292,360,1519,Lake,Summer,Yes,7
7294,360,1519,Lake,Summer,Yes,4
7295,360,1519,Lake,Summer,Yes,17
7296,360,1519,Lake,Summer,Yes,8
7297,360,1519,Lake,Summer,Yes,3
7298,360,1519,Lake,Summer,Yes,4
7299,360,1519,Lake,Summer,Yes,16
7300,360,1519,Lake,Summer,Yes,19
7301,360,1519,Lake,Summer,Yes,5
7303,360,1519,Lake,Summer,Yes,11
7304,360,1519,Lake,Summer,Yes,13
7305,360,1519,Lake,Summer,Yes,11
7306,360,1519,Lake,Summer,Yes,15
7307,360,1519,Lake,Summer,Yes,10
7308,360,1519,Lake,Summer,Yes,3
7345,342,2866,Lake,Summer,Yes,13
7346,342,2866,Lake,Summer,Yes,2
7349,343,2866,Lake,Summer,Yes,9
7352,343,2866,Lake,Summer,Yes,18
7357,343,2866,Lake,Summer,Yes,23
7360,343,2866,Lake,Summer,Yes,22
7361,343,2866,Lake,Summer,Yes,24
7362,343,2866,Lake,Summer,Yes,5
7369,344,2866,Lake,Summer,Yes,2
7370,344,2866,Lake,Summer,Yes,7
7371,344,2866,Lake,Summer,Yes,1
7373,344,2866,Lake,Summer,Yes,2
7374,344,2866,Lake,Summer,Yes,3
7376,344,2866,Lake,Summer,Yes,1
7377,344,2866,Lake,Summer,Yes,1
7379,344,2866,Lake,Summer,Yes,1
7380,344,2866,Lake,Summer,Yes,2
7383,344,2866,Lake,Summer,Yes,1
7384,344,2866,Lake,Summer,Yes,1
7385,344,2866,Lake,Summer,Yes,1
7386,344,2866,Lake,Summer,Yes,1
7387,344,2866,Lake,Summer,Yes,1
7388,344,2866,Lake,Summer,Yes,2
7391,344,2866,Lake,Summer,Yes,1
7392,344,2866,Lake,Summer,Yes,1
7393,344,2866,Lake,Summer,Yes,1
7394,344,2866,Lake,Summer,Yes,1
7395,344,2866,Lake,Summer,Yes,1
7397,344,2866,Lake,Summer,Yes,1
7398,344,2866,Lake,Summer,Yes,1
7399,344,2866,Lake,Summer,Yes,1
7400,344,2866,Lake,Summer,Yes,1
7402,344,2866,Lake,Summer,Yes,1
7403,344,2866,Lake,Summer,Yes,4
7404,344,2866,Lake,Summer,Yes,3
7405,344,2866,Lake,Summer,Yes,3
7406,344,2866,Lake,Summer,Yes,2
7407,344,2866,Lake,Summer,Yes,2
7409,344,2866,Lake,Summer,Yes,2
7410,344,2866,Lake,Summer,Yes,1
7411,344,2866,Lake,Summer,Yes,7
7412,344,2866,Lake,Summer,Yes,1
7413,344,2866,Lake,Summer,Yes,1
7414,344,2866,Lake,Summer,Yes,1
7415,344,2866,Lake,Summer,Yes,2
7416,344,2866,Lake,Summer,Yes,1
7417,344,2866,Lake,Summer,Yes,2
7418,344,2866,Lake,Summer,Yes,1
7419,344,2866,Lake,Summer,Yes,1
7420,344,2866,Lake,Summer,Yes,1
7421,344,2866,Lake,Summer,Yes,1
7422,344,2866,Lake,Summer,Yes,1
7423,344,2866,Lake,Summer,Yes,1
7424,344,2866,Lake,Summer,Yes,5
7430,353,3558,Pond,Summer,Yes,7
7431,353,3558,Pond,Summer,Yes,8
7432,353,3558,Pond,Summer,Yes,4
7433,353,3558,Pond,Summer,Yes,4
7435,353,3558,Pond,Summer,Yes,6
7436,353,3558,Pond,Summer,Yes,4
7439,353,3558,Pond,Summer,Yes,1
7441,353,3558,Pond,Summer,Yes,4
7442,353,3558,Pond,Summer,Yes,4
7447,353,3558,Pond,Summer,Yes,6
7448,353,3558,Pond,Summer,Yes,10
7450,353,3558,Pond,Summer,Yes,2
7451,353,3558,Pond,Summer,Yes,9
7453,353,3558,Pond,Summer,Yes,8
7454,353,3558,Pond,Summer,Yes,4
7455,353,3558,Pond,Summer,Yes,16
7457,353,3558,Pond,Summer,Yes,3
7460,353,3558,Pond,Summer,Yes,10
7461,353,3558,Pond,Summer,Yes,2
7462,353,3558,Pond,Summer,Yes,5
7466,353,3558,Pond,Summer,Yes,3
7467,353,3558,Pond,Summer,Yes,4
7468,353,3558,Pond,Summer,Yes,4
7469,353,3558,Pond,Summer,Yes,8
7473,353,3558,Pond,Summer,Yes,3
7476,353,3558,Pond,Summer,Yes,4
7477,353,3558,Pond,Summer,Yes,4
7478,353,3558,Pond,Summer,Yes,2
7479,353,3558,Pond,Summer,Yes,10
7480,353,3558,Pond,Summer,Yes,11
7481,353,3558,Pond,Summer,Yes,4
7482,353,3558,Pond,Summer,Yes,5
7483,353,3558,Pond,Summer,Yes,3
7484,353,3558,Pond,Summer,Yes,3
7485,353,3558,Pond,Summer,Yes,2
7486,353,3558,Pond,Summer,Yes,6
7487,353,3558,Pond,Summer,Yes,2
7488,353,3558,Pond,Summer,Yes,4
7489,353,3558,Pond,Summer,Yes,5
7490,353,3558,Pond,Summer,Yes,5
7491,353,3558,Pond,Summer,Yes,4
7493,353,3558,Pond,Summer,Yes,5
7495,353,3558,Pond,Summer,Yes,2
7496,353,3558,Pond,Summer,Yes,5
7497,353,3558,Pond,Summer,Yes,5
7498,353,3558,Pond,Summer,Yes,4
7499,353,3558,Pond,Summer,Yes,6
7500,353,3558,Pond,Summer,Yes,5
7505,353,3558,Pond,Summer,Yes,5
7506,353,3558,Pond,Summer,Yes,3
7507,353,3558,Pond,Summer,Yes,1
7508,353,3558,Pond,Summer,Yes,6
7510,353,3558,Pond,Summer,Yes,4
7511,353,3558,Pond,Summer,Yes,2
7512,353,3558,Pond,Summer,Yes,4
7513,353,3558,Pond,Summer,Yes,8
7514,353,3558,Pond,Summer,Yes,7
7515,353,3558,Pond,Summer,Yes,2
7516,353,3558,Pond,Summer,Yes,2
7517,353,3558,Pond,Summer,Yes,9
7518,353,3558,Pond,Summer,Yes,2
7520,353,3558,Pond,Summer,Yes,1
7521,353,3558,Pond,Summer,Yes,3
7522,353,3558,Pond,Summer,Yes,6
7523,353,3558,Pond,Summer,Yes,4
7524,353,3558,Pond,Summer,Yes,6
7525,353,3558,Pond,Summer,Yes,4
7526,353,3558,Pond,Summer,Yes,8
7527,353,3558,Pond,Summer,Yes,7
7528,353,3558,Pond,Summer,Yes,3
7529,353,3558,Pond,Summer,Yes,9
7530,353,3558,Pond,Summer,Yes,12
7531,353,3558,Pond,Summer,Yes,3
7532,353,3558,Pond,Summer,Yes,2
7534,353,3558,Pond,Summer,Yes,2
7535,353,3558,Pond,Summer,Yes,3
7536,353,3558,Pond,Summer,Yes,7
7537,353,3558,Pond,Summer,Yes,5
7552,356,3558,Pond,Summer,Yes,5
7809,394,197,Lake,Summer,Yes,1
7810,394,197,Lake,Summer,Yes,8
7812,394,197,Lake,Summer,Yes,7
7815,394,197,Lake,Summer,Yes,13
7823,394,197,Lake,Summer,Yes,4
7826,394,197,Lake,Summer,Yes,11
7827,394,197,Lake,Summer,Yes,15
7837,394,197,Lake,Summer,Yes,16
7838,394,197,Lake,Summer,Yes,18
7844,394,197,Lake,Summer,Yes,14
7845,394,197,Lake,Summer,Yes,10
7846,394,197,Lake,Summer,Yes,23
7849,394,197,Lake,Summer,Yes,2
7850,394,197,Lake,Summer,Yes,2
7853,394,197,Lake,Summer,Yes,7
7860,394,197,Lake,Summer,Yes,8
7861,394,197,Lake,Summer,Yes,10
7864,394,197,Lake,Summer,Yes,17
7865,394,197,Lake,Summer,Yes,28
7866,394,197,Lake,Summer,Yes,25
7869,394,197,Lake,Summer,Yes,4
7870,394,197,Lake,Summer,Yes,11
7871,394,197,Lake,Summer,Yes,3
7872,394,197,Lake,Summer,Yes,14
7873,394,197,Lake,Summer,Yes,23
7875,394,197,Lake,Summer,Yes,2
7876,394,197,Lake,Summer,Yes,13
7877,394,197,Lake,Summer,Yes,13
7879,394,197,Lake,Summer,Yes,11
7881,394,197,Lake,Summer,Yes,11
7885,394,197,Lake,Summer,Yes,4
7886,394,197,Lake,Summer,Yes,2
7891,394,197,Lake,Summer,Yes,5
7892,394,197,Lake,Summer,Yes,3
7894,394,197,Lake,Summer,Yes,4
7895,394,197,Lake,Summer,Yes,3
7896,394,197,Lake,Summer,Yes,19
7897,394,197,Lake,Summer,Yes,1
7898,394,197,Lake,Summer,Yes,8
7899,395,197,Lake,Summer,Yes,5
7905,395,197,Lake,Summer,Yes,15
7907,395,197,Lake,Summer,Yes,6
7908,395,197,Lake,Summer,Yes,10
7910,395,197,Lake,Summer,Yes,10
7911,395,197,Lake,Summer,Yes,14
7912,395,197,Lake,Summer,Yes,7
7913,395,197,Lake,Summer,Yes,8
7914,395,197,Lake,Summer,Yes,7
7916,395,197,Lake,Summer,Yes,11
7917,395,197,Lake,Summer,Yes,17
7920,395,197,Lake,Summer,Yes,10
7925,395,197,Lake,Summer,Yes,13
7926,395,197,Lake,Summer,Yes,4
7927,395,197,Lake,Summer,Yes,23
7928,395,197,Lake,Summer,Yes,5
7931,395,197,Lake,Summer,Yes,27
7932,395,197,Lake,Summer,Yes,9
7933,395,197,Lake,Summer,Yes,20
7935,395,197,Lake,Summer,Yes,22
7936,395,197,Lake,Summer,Yes,5
7937,396,197,Lake,Summer,Yes,16
7939,396,197,Lake,Summer,Yes,15
7941,396,197,Lake,Summer,Yes,18
7942,396,197,Lake,Summer,Yes,14
7943,396,197,Lake,Summer,Yes,26
7944,396,197,Lake,Summer,Yes,12
7945,396,197,Lake,Summer,Yes,30
7946,396,197,Lake,Summer,Yes,8
7950,396,197,Lake,Summer,Yes,4
7951,396,197,Lake,Summer,Yes,3
7953,396,197,Lake,Summer,Yes,26
7954,396,197,Lake,Summer,Yes,7
7955,396,197,Lake,Summer,Yes,7
7957,396,197,Lake,Summer,Yes,17
7958,396,197,Lake,Summer,Yes,15
7959,396,197,Lake,Summer,Yes,14
7960,396,197,Lake,Summer,Yes,20
7961,396,197,Lake,Summer,Yes,18
7963,396,197,Lake,Summer,Yes,25
7965,396,197,Lake,Summer,Yes,11
7967,396,197,Lake,Summer,Yes,2
7969,396,197,Lake,Summer,Yes,2
7970,396,197,Lake,Summer,Yes,2
7972,396,197,Lake,Summer,Yes,17
7973,396,197,Lake,Summer,Yes,7
7974,396,197,Lake,Summer,Yes,4
7976,396,197,Lake,Summer,Yes,10
7979,396,197,Lake,Summer,Yes,13
7982,396,197,Lake,Summer,Yes,17
7983,396,197,Lake,Summer,Yes,14
7984,396,197,Lake,Summer,Yes,17
7985,396,197,Lake,Summer,Yes,11
7987,396,197,Lake,Summer,Yes,12
7988,396,197,Lake,Summer,Yes,8
7989,396,197,Lake,Summer,Yes,17
7990,396,197,Lake,Summer,Yes,14
7993,396,197,Lake,Summer,Yes,7
7994,396,197,Lake,Summer,Yes,21
7995,396,197,Lake,Summer,Yes,21
7996,396,197,Lake,Summer,Yes,6
7997,396,197,Lake,Summer,Yes,19
8000,396,197,Lake,Summer,Yes,19
8004,396,197,Lake,Summer,Yes,12
8005,396,197,Lake,Summer,Yes,26
8007,396,197,Lake,Summer,Yes,27
8008,396,197,Lake,Summer,Yes,3
8009,396,197,Lake,Summer,Yes,5
8013,396,197,Lake,Summer,Yes,14
8014,396,197,Lake,Summer,Yes,4
8016,396,197,Lake,Summer,Yes,10
8017,396,197,Lake,Summer,Yes,10
8018,396,197,Lake,Summer,Yes,8
8019,396,197,Lake,Summer,Yes,11
8020,396,197,Lake,Summer,Yes,2
8022,396,197,Lake,Summer,Yes,8
8024,396,197,Lake,Summer,Yes,14
8026,396,197,Lake,Summer,Yes,9
8027,396,197,Lake,Summer,Yes,8
8031,396,197,Lake,Summer,Yes,18
8033,396,197,Lake,Summer,Yes,3
8034,396,197,Lake,Summer,Yes,27
8038,396,197,Lake,Summer,Yes,3
8039,396,197,Lake,Summer,Yes,6
8040,396,197,Lake,Summer,Yes,18
8043,396,197,Lake,Summer,Yes,2
8046,396,197,Lake,Summer,Yes,17
8052,396,197,Lake,Summer,Yes,5
8053,396,197,Lake,Summer,Yes,7
8054,396,197,Lake,Summer,Yes,17
8055,396,197,Lake,Summer,Yes,29
8056,396,197,Lake,Summer,Yes,2
8057,396,197,Lake,Summer,Yes,24
8058,396,197,Lake,Summer,Yes,14
8059,396,197,Lake,Summer,Yes,20
8060,396,197,Lake,Summer,Yes,15
8061,396,197,Lake,Summer,Yes,4
8062,396,197,Lake,Summer,Yes,13
8065,396,197,Lake,Summer,Yes,6
8066,396,197,Lake,Summer,Yes,16
8069,396,197,Lake,Summer,Yes,3
8070,396,197,Lake,Summer,Yes,23
8073,396,197,Lake,Summer,Yes,10
8075,396,197,Lake,Summer,Yes,9
8076,396,197,Lake,Summer,Yes,13
8077,396,197,Lake,Summer,Yes,15
8078,396,197,Lake,Summer,Yes,22
8079,396,197,Lake,Summer,Yes,21
8080,396,197,Lake,Summer,Yes,2
8081,396,197,Lake,Summer,Yes,19
8084,396,197,Lake,Summer,Yes,10
8085,396,197,Lake,Summer,Yes,9
8086,396,197,Lake,Summer,Yes,25
8088,396,197,Lake,Summer,Yes,21
8089,396,197,Lake,Summer,Yes,7
8092,396,197,Lake,Summer,Yes,25
8093,396,197,Lake,Summer,Yes,28
8095,396,197,Lake,Summer,Yes,13
8096,396,197,Lake,Summer,Yes,21
8102,396,197,Lake,Summer,Yes,12
8103,396,197,Lake,Summer,Yes,11
8108,396,197,Lake,Summer,Yes,23
8109,396,197,Lake,Summer,Yes,20
8110,396,197,Lake,Summer,Yes,28
8111,396,197,Lake,Summer,Yes,3
8112,396,197,Lake,Summer,Yes,20
8113,396,197,Lake,Summer,Yes,2
8115,396,197,Lake,Summer,Yes,10
8116,396,197,Lake,Summer,Yes,20
8118,396,197,Lake,Summer,Yes,26
8120,396,197,Lake,Summer,Yes,20
8126,396,197,Lake,Summer,Yes,12
8127,396,197,Lake,Summer,Yes,25
8129,396,197,Lake,Summer,Yes,5
8130,396,197,Lake,Summer,Yes,18
8131,396,197,Lake,Summer,Yes,30
8132,396,197,Lake,Summer,Yes,29
8133,396,197,Lake,Summer,Yes,17
8134,396,197,Lake,Summer,Yes,16
8135,396,197,Lake,Summer,Yes,3
8136,396,197,Lake,Summer,Yes,5
8137,396,197,Lake,Summer,Yes,5
8138,396,197,Lake,Summer,Yes,15
8140,396,197,Lake,Summer,Yes,9
8141,396,197,Lake,Summer,Yes,8
8142,396,197,Lake,Summer,Yes,9
8143,396,197,Lake,Summer,Yes,11
8144,396,197,Lake,Summer,Yes,12
8145,396,197,Lake,Summer,Yes,13
8146,396,197,Lake,Summer,Yes,15
8147,396,197,Lake,Summer,Yes,20
8148,396,197,Lake,Summer,Yes,11
8149,396,197,Lake,Summer,Yes,14
8151,396,197,Lake,Summer,Yes,9
8152,396,197,Lake,Summer,Yes,17
8153,396,197,Lake,Summer,Yes,9
8154,396,197,Lake,Summer,Yes,3
8155,396,197,Lake,Summer,Yes,12
8156,396,197,Lake,Summer,Yes,22
8157,396,197,Lake,Summer,Yes,30
8158,396,197,Lake,Summer,Yes,22
8159,396,197,Lake,Summer,Yes,19
8162,396,197,Lake,Summer,Yes,2
8163,396,197,Lake,Summer,Yes,4
8164,396,197,Lake,Summer,Yes,4
8165,396,197,Lake,Summer,Yes,6
8167,396,197,Lake,Summer,Yes,12
8168,396,197,Lake,Summer,Yes,24
8169,396,197,Lake,Summer,Yes,15
8170,396,197,Lake,Summer,Yes,15
8171,396,197,Lake,Summer,Yes,8
8174,396,197,Lake,Summer,Yes,5
8175,396,197,Lake,Summer,Yes,8
8176,396,197,Lake,Summer,Yes,2
8178,396,197,Lake,Summer,Yes,5
8179,396,197,Lake,Summer,Yes,23
8180,396,197,Lake,Summer,Yes,23
8181,396,197,Lake,Summer,Yes,24
8182,396,197,Lake,Summer,Yes,1
8184,396,197,Lake,Summer,Yes,17
8186,396,197,Lake,Summer,Yes,12
8187,396,197,Lake,Summer,Yes,12
8189,396,197,Lake,Summer,Yes,13
8191,396,197,Lake,Summer,Yes,16
8193,396,197,Lake,Summer,Yes,14
8195,396,197,Lake,Summer,Yes,16
8198,396,197,Lake,Summer,Yes,4
8199,396,197,Lake,Summer,Yes,18
8201,396,197,Lake,Summer,Yes,11
8202,396,197,Lake,Summer,Yes,9
8204,396,197,Lake,Summer,Yes,21
8206,396,197,Lake,Summer,Yes,13
8207,396,197,Lake,Summer,Yes,18
8208,396,197,Lake,Summer,Yes,21
8211,396,197,Lake,Summer,Yes,16
8212,396,197,Lake,Summer,Yes,7
8213,396,197,Lake,Summer,Yes,10
8216,396,197,Lake,Summer,Yes,11
8217,396,197,Lake,Summer,Yes,25
8218,396,197,Lake,Summer,Yes,19
8223,396,197,Lake,Summer,Yes,8
8251,406,1913,Pond,Summer,Yes,3
8260,406,1913,Pond,Summer,Yes,6
8261,406,1913,Pond,Summer,Yes,6
8262,406,1913,Pond,Summer,Yes,17
8263,406,1913,Pond,Summer,Yes,13
8264,406,1913,Pond,Summer,Yes,10
8266,406,1913,Pond,Summer,Yes,10
8267,406,1913,Pond,Summer,Yes,2
8268,406,1913,Pond,Summer,Yes,3
8269,406,1913,Pond,Summer,Yes,10
8277,406,1913,Pond,Summer,Yes,4
8279,406,1913,Pond,Summer,Yes,4
8280,406,1913,Pond,Summer,Yes,9
8284,406,1913,Pond,Summer,Yes,11
8285,406,1913,Pond,Summer,Yes,22
8286,406,1913,Pond,Summer,Yes,20
8288,406,1913,Pond,Summer,Yes,15
8290,407,1913,Pond,Summer,Yes,5
8291,407,1913,Pond,Summer,Yes,26
8292,407,1913,Pond,Summer,Yes,27
8293,407,1913,Pond,Summer,Yes,18
8295,407,1913,Pond,Summer,Yes,5
8296,407,1913,Pond,Summer,Yes,5
8297,407,1913,Pond,Summer,Yes,4
8298,407,1913,Pond,Summer,Yes,10
8299,407,1913,Pond,Summer,Yes,7
8300,407,1913,Pond,Summer,Yes,6
8301,407,1913,Pond,Summer,Yes,11
8303,407,1913,Pond,Summer,Yes,1
8304,407,1913,Pond,Summer,Yes,8
8305,407,1913,Pond,Summer,Yes,7
8306,407,1913,Pond,Summer,Yes,2
8307,407,1913,Pond,Summer,Yes,3
8308,407,1913,Pond,Summer,Yes,7
8309,407,1913,Pond,Summer,Yes,3
8311,407,1913,Pond,Summer,Yes,6
8315,407,1913,Pond,Summer,Yes,5
8316,407,1913,Pond,Summer,Yes,15
8317,407,1913,Pond,Summer,Yes,17
8318,407,1913,Pond,Summer,Yes,1
8320,407,1913,Pond,Summer,Yes,9
8321,407,1913,Pond,Summer,Yes,17
8322,407,1913,Pond,Summer,Yes,2
8324,407,1913,Pond,Summer,Yes,1
8325,407,1913,Pond,Summer,Yes,6
8326,407,1913,Pond,Summer,Yes,4
8327,407,1913,Pond,Summer,Yes,17
8329,407,1913,Pond,Summer,Yes,4
8330,407,1913,Pond,Summer,Yes,5
8331,407,1913,Pond,Summer,Yes,5
8333,407,1913,Pond,Summer,Yes,8
8334,407,1913,Pond,Summer,Yes,8
8335,407,1913,Pond,Summer,Yes,24
8337,407,1913,Pond,Summer,Yes,21
8338,407,1913,Pond,Summer,Yes,14
8340,407,1913,Pond,Summer,Yes,12
8341,407,1913,Pond,Summer,Yes,12
8343,407,1913,Pond,Summer,Yes,7
8344,407,1913,Pond,Summer,Yes,5
8345,407,1913,Pond,Summer,Yes,17
8346,407,1913,Pond,Summer,Yes,18
8347,407,1913,Pond,Summer,Yes,14
8348,407,1913,Pond,Summer,Yes,11
8350,407,1913,Pond,Summer,Yes,5
8351,407,1913,Pond,Summer,Yes,11
8353,407,1913,Pond,Summer,Yes,10
8354,407,1913,Pond,Summer,Yes,6
8355,407,1913,Pond,Summer,Yes,10
8357,407,1913,Pond,Summer,Yes,2
8358,407,1913,Pond,Summer,Yes,11
8360,407,1913,Pond,Summer,Yes,10
8361,407,1913,Pond,Summer,Yes,5
8362,407,1913,Pond,Summer,Yes,1
8378,408,1913,Pond,Summer,Yes,9
8381,408,1913,Pond,Summer,Yes,4
8383,408,1913,Pond,Summer,Yes,8
8384,408,1913,Pond,Summer,Yes,5
8385,408,1913,Pond,Summer,Yes,7
8386,408,1913,Pond,Summer,Yes,5
8387,408,1913,Pond,Summer,Yes,6
8391,408,1913,Pond,Summer,Yes,3
8392,408,1913,Pond,Summer,Yes,11
8395,408,1913,Pond,Summer,Yes,3
8396,408,1913,Pond,Summer,Yes,7
8397,408,1913,Pond,Summer,Yes,17
8398,389,3224,Pond,Summer,Yes,12
8399,389,3224,Pond,Summer,Yes,8
8401,389,3224,Pond,Summer,Yes,15
8402,389,3224,Pond,Summer,Yes,10
8403,389,3224,Pond,Summer,Yes,22
8404,389,3224,Pond,Summer,Yes,20
8407,389,3224,Pond,Summer,Yes,16
8409,389,3224,Pond,Summer,Yes,2
8410,389,3224,Pond,Summer,Yes,2
8411,389,3224,Pond,Summer,Yes,5
8412,389,3224,Pond,Summer,Yes,2
8414,389,3224,Pond,Summer,Yes,10
8415,389,3224,Pond,Summer,Yes,4
8416,389,3224,Pond,Summer,Yes,2
8417,389,3224,Pond,Summer,Yes,5
8418,389,3224,Pond,Summer,Yes,4
8419,389,3224,Pond,Summer,Yes,6
8422,389,3224,Pond,Summer,Yes,4
8423,389,3224,Pond,Summer,Yes,8
8425,389,3224,Pond,Summer,Yes,4
8563,413,1152,Pond,Fall,Yes,13
8567,413,1152,Pond,Fall,Yes,1
8568,413,1152,Pond,Fall,Yes,2
8572,414,1152,Pond,Fall,Yes,3
8573,414,1152,Pond,Fall,Yes,2
8575,414,1152,Pond,Fall,Yes,2
8576,414,1152,Pond,Fall,Yes,1
8580,414,1152,Pond,Fall,Yes,3
8581,414,1152,Pond,Fall,Yes,3
9092,416,1152,Pond,Fall,Yes,6
9095,416,1152,Pond,Fall,Yes,4
9096,416,1152,Pond,Fall,Yes,2
9097,416,1152,Pond,Fall,Yes,1
9098,416,1152,Pond,Fall,Yes,2
9099,416,1152,Pond,Fall,Yes,1
9100,416,1152,Pond,Fall,Yes,1
9101,416,1152,Pond,Fall,Yes,1
9102,416,1152,Pond,Fall,Yes,2
9145,430,1519,Lake,Fall,Yes,3
9146,430,1519,Lake,Fall,Yes,2
9147,430,1519,Lake,Fall,Yes,6
9148,430,1519,Lake,Fall,Yes,5
9149,430,1519,Lake,Fall,Yes,3
9150,430,1519,Lake,Fall,Yes,4
9152,430,1519,Lake,Fall,Yes,3
9153,430,1519,Lake,Fall,Yes,3
9155,430,1519,Lake,Fall,Yes,7
9159,432,1519,Lake,Fall,Yes,3
9161,432,1519,Lake,Fall,Yes,5
9355,417,2866,Lake,Fall,Yes,1
9358,417,2866,Lake,Fall,Yes,9
9360,417,2866,Lake,Fall,Yes,8
9363,417,2866,Lake,Fall,Yes,7
9364,417,2866,Lake,Fall,Yes,29
9365,417,2866,Lake,Fall,Yes,30
9368,417,2866,Lake,Fall,Yes,5
9378,417,2866,Lake,Fall,Yes,27
9379,417,2866,Lake,Fall,Yes,3
9384,417,2866,Lake,Fall,Yes,14
9389,418,2866,Lake,Fall,Yes,15
9872,420,2866,Lake,Fall,Yes,13
9874,420,2866,Lake,Fall,Yes,10
9875,420,2866,Lake,Fall,Yes,9
9876,420,2866,Lake,Fall,Yes,8
9877,420,2866,Lake,Fall,Yes,11
9878,420,2866,Lake,Fall,Yes,5
9879,420,2866,Lake,Fall,Yes,9
9880,420,2866,Lake,Fall,Yes,7
9881,420,2866,Lake,Fall,Yes,5
9882,420,2866,Lake,Fall,Yes,3
9883,420,2866,Lake,Fall,Yes,7
9884,420,2866,Lake,Fall,Yes,1
9885,420,2866,Lake,Fall,Yes,2
9886,420,2866,Lake,Fall,Yes,3
9887,420,2866,Lake,Fall,Yes,4
9888,420,2866,Lake,Fall,Yes,4
9889,420,2866,Lake,Fall,Yes,5
9890,420,2866,Lake,Fall,Yes,16
9891,420,2866,Lake,Fall,Yes,15
9892,420,2866,Lake,Fall,Yes,6
9893,420,2866,Lake,Fall,Yes,12
9894,420,2866,Lake,Fall,Yes,27
9895,420,2866,Lake,Fall,Yes,9
9896,420,2866,Lake,Fall,Yes,2
9900,420,2866,Lake,Fall,Yes,12
9901,420,2866,Lake,Fall,Yes,14
9902,420,2866,Lake,Fall,Yes,9
9903,420,2866,Lake,Fall,Yes,5
9904,420,2866,Lake,Fall,Yes,4
9905,420,2866,Lake,Fall,Yes,5
9906,420,2866,Lake,Fall,Yes,5
9907,420,2866,Lake,Fall,Yes,2
9908,420,2866,Lake,Fall,Yes,3
9909,420,2866,Lake,Fall,Yes,2
9911,420,2866,Lake,Fall,Yes,6
9912,420,2866,Lake,Fall,Yes,8
9915,420,2866,Lake,Fall,Yes,3
9916,420,2866,Lake,Fall,Yes,5
9918,420,2866,Lake,Fall,Yes,1
9919,420,2866,Lake,Fall,Yes,2
9923,420,2866,Lake,Fall,Yes,20
9924,420,2866,Lake,Fall,Yes,3
9925,420,2866,Lake,Fall,Yes,11
9926,420,2866,Lake,Fall,Yes,3
9927,420,2866,Lake,Fall,Yes,26
9928,420,2866,Lake,Fall,Yes,20
9931,420,2866,Lake,Fall,Yes,1
9932,420,2866,Lake,Fall,Yes,4
9933,420,2866,Lake,Fall,Yes,2
9934,420,2866,Lake,Fall,Yes,2
9935,420,2866,Lake,Fall,Yes,8
9936,420,2866,Lake,Fall,Yes,11
9937,420,2866,Lake,Fall,Yes,4
9938,420,2866,Lake,Fall,Yes,13
9939,420,2866,Lake,Fall,Yes,5
9940,420,2866,Lake,Fall,Yes,26
9942,420,2866,Lake,Fall,Yes,3
9943,420,2866,Lake,Fall,Yes,3
9944,420,2866,Lake,Fall,Yes,4
9945,420,2866,Lake,Fall,Yes,9
9946,420,2866,Lake,Fall,Yes,6
9948,420,2866,Lake,Fall,Yes,8
9949,420,2866,Lake,Fall,Yes,3
9950,420,2866,Lake,Fall,Yes,4
9951,420,2866,Lake,Fall,Yes,11
9952,420,2866,Lake,Fall,Yes,1
9953,420,2866,Lake,Fall,Yes,3
10318,411,3558,Pond,Fall,Yes,3
10319,411,3558,Pond,Fall,Yes,1
10320,411,3558,Pond,Fall,Yes,4
10321,411,3558,Pond,Fall,Yes,1
10322,411,3558,Pond,Fall,Yes,9
10323,411,3558,Pond,Fall,Yes,1
10326,411,3558,Pond,Fall,Yes,1
10328,411,3558,Pond,Fall,Yes,3
10329,411,3558,Pond,Fall,Yes,6
10331,411,3558,Pond,Fall,Yes,3
10334,411,3558,Pond,Fall,Yes,2
10335,411,3558,Pond,Fall,Yes,7
10337,411,3558,Pond,Fall,Yes,1
10339,411,3558,Pond,Fall,Yes,2
10341,411,3558,Pond,Fall,Yes,2
10346,411,3558,Pond,Fall,Yes,6
10347,411,3558,Pond,Fall,Yes,3
10348,412,3558,Pond,Fall,Yes,5
10349,412,3558,Pond,Fall,Yes,27
10352,412,3558,Pond,Fall,Yes,4
10353,412,3558,Pond,Fall,Yes,2
10354,412,3558,Pond,Fall,Yes,2
10355,412,3558,Pond,Fall,Yes,8
10356,412,3558,Pond,Fall,Yes,6
10357,412,3558,Pond,Fall,Yes,4
10358,412,3558,Pond,Fall,Yes,4
10359,412,3558,Pond,Fall,Yes,5
10360,412,3558,Pond,Fall,Yes,2
10361,412,3558,Pond,Fall,Yes,5
10362,412,3558,Pond,Fall,Yes,11
10363,412,3558,Pond,Fall,Yes,3
10364,412,3558,Pond,Fall,Yes,10
10366,412,3558,Pond,Fall,Yes,1
10367,412,3558,Pond,Fall,Yes,2
10368,412,3558,Pond,Fall,Yes,3
10370,412,3558,Pond,Fall,Yes,4
10371,412,3558,Pond,Fall,Yes,3
10372,412,3558,Pond,Fall,Yes,12
10373,412,3558,Pond,Fall,Yes,21
10374,412,3558,Pond,Fall,Yes,7
10377,412,3558,Pond,Fall,Yes,4
10378,412,3558,Pond,Fall,Yes,4
10379,412,3558,Pond,Fall,Yes,4
10380,412,3558,Pond,Fall,Yes,7
10382,412,3558,Pond,Fall,Yes,4
10383,412,3558,Pond,Fall,Yes,3
10385,412,3558,Pond,Fall,Yes,2
10386,412,3558,Pond,Fall,Yes,3
10387,412,3558,Pond,Fall,Yes,10
10388,412,3558,Pond,Fall,Yes,3
10389,412,3558,Pond,Fall,Yes,2
10390,412,3558,Pond,Fall,Yes,6
10391,412,3558,Pond,Fall,Yes,5
10393,412,3558,Pond,Fall,Yes,4
10394,412,3558,Pond,Fall,Yes,8
10395,412,3558,Pond,Fall,Yes,5
10397,412,3558,Pond,Fall,Yes,4
10398,412,3558,Pond,Fall,Yes,6
10399,412,3558,Pond,Fall,Yes,18
10400,412,3558,Pond,Fall,Yes,4
10401,412,3558,Pond,Fall,Yes,4
10403,412,3558,Pond,Fall,Yes,5
10404,412,3558,Pond,Fall,Yes,7
10405,412,3558,Pond,Fall,Yes,2
10406,412,3558,Pond,Fall,Yes,4
10407,412,3558,Pond,Fall,Yes,3
10408,412,3558,Pond,Fall,Yes,3
10409,412,3558,Pond,Fall,Yes,4
10411,412,3558,Pond,Fall,Yes,5
10412,412,3558,Pond,Fall,Yes,9
10413,412,3558,Pond,Fall,Yes,9
10414,412,3558,Pond,Fall,Yes,6
10415,412,3558,Pond,Fall,Yes,8
10416,412,3558,Pond,Fall,Yes,6
10417,412,3558,Pond,Fall,Yes,8
10418,412,3558,Pond,Fall,Yes,3
10419,412,3558,Pond,Fall,Yes,9
10420,412,3558,Pond,Fall,Yes,4
10422,412,3558,Pond,Fall,Yes,5
10423,412,3558,Pond,Fall,Yes,5
10425,412,3558,Pond,Fall,Yes,4
10426,412,3558,Pond,Fall,Yes,4
10427,412,3558,Pond,Fall,Yes,4
10428,412,3558,Pond,Fall,Yes,4
10429,412,3558,Pond,Fall,Yes,3
10430,412,3558,Pond,Fall,Yes,7
10431,412,3558,Pond,Fall,Yes,7
10432,412,3558,Pond,Fall,Yes,14
10433,412,3558,Pond,Fall,Yes,4
10435,412,3558,Pond,Fall,Yes,4
10436,412,3558,Pond,Fall,Yes,4
10437,412,3558,Pond,Fall,Yes,6
10438,412,3558,Pond,Fall,Yes,4
10441,412,3558,Pond,Fall,Yes,4
10442,412,3558,Pond,Fall,Yes,8
10443,412,3558,Pond,Fall,Yes,7
10445,412,3558,Pond,Fall,Yes,4
10448,412,3558,Pond,Fall,Yes,4
10450,412,3558,Pond,Fall,Yes,6
10451,412,3558,Pond,Fall,Yes,4
10452,412,3558,Pond,Fall,Yes,5
10454,412,3558,Pond,Fall,Yes,3
10456,412,3558,Pond,Fall,Yes,14
10457,412,3558,Pond,Fall,Yes,11
10458,412,3558,Pond,Fall,Yes,8
10459,412,3558,Pond,Fall,Yes,12
10461,412,3558,Pond,Fall,Yes,3
10464,412,3558,Pond,Fall,Yes,10
10465,412,3558,Pond,Fall,Yes,19
10466,412,3558,Pond,Fall,Yes,1
10467,412,3558,Pond,Fall,Yes,1
10472,412,3558,Pond,Fall,Yes,12
10473,412,3558,Pond,Fall,Yes,7
10475,412,3558,Pond,Fall,Yes,5
10476,412,3558,Pond,Fall,Yes,5
10477,412,3558,Pond,Fall,Yes,3
11980,437,1282,Lake,Fall,Yes,3
11981,437,1282,Lake,Fall,Yes,6
11982,437,1282,Lake,Fall,Yes,1
11983,437,1282,Lake,Fall,Yes,3
11985,437,1282,Lake,Fall,Yes,4
11987,437,1282,Lake,Fall,Yes,3
11989,437,1282,Lake,Fall,Yes,10
11992,437,1282,Lake,Fall,Yes,3
11996,437,1282,Lake,Fall,Yes,8
11997,437,1282,Lake,Fall,Yes,29
12000,437,1282,Lake,Fall,Yes,8
12001,437,1282,Lake,Fall,Yes,2
12004,437,1282,Lake,Fall,Yes,6
12005,437,1282,Lake,Fall,Yes,2
12006,437,1282,Lake,Fall,Yes,2
12008,437,1282,Lake,Fall,Yes,2
12009,437,1282,Lake,Fall,Yes,3
12010,437,1282,Lake,Fall,Yes,7
12012,437,1282,Lake,Fall,Yes,2
12013,437,1282,Lake,Fall,Yes,6
12014,437,1282,Lake,Fall,Yes,1
12015,437,1282,Lake,Fall,Yes,3
12016,437,1282,Lake,Fall,Yes,4
12017,437,1282,Lake,Fall,Yes,3
12018,437,1282,Lake,Fall,Yes,3
12019,437,1282,Lake,Fall,Yes,3
12020,437,1282,Lake,Fall,Yes,8
12025,437,1282,Lake,Fall,Yes,6
12026,437,1282,Lake,Fall,Yes,1
12028,437,1282,Lake,Fall,Yes,4
12029,437,1282,Lake,Fall,Yes,2
12030,437,1282,Lake,Fall,Yes,5
12032,437,1282,Lake,Fall,Yes,2
12033,437,1282,Lake,Fall,Yes,3
12035,437,1282,Lake,Fall,Yes,4
12036,437,1282,Lake,Fall,Yes,5
12037,437,1282,Lake,Fall,Yes,3
12040,438,1282,Lake,Fall,Yes,4
12041,438,1282,Lake,Fall,Yes,2
12043,438,1282,Lake,Fall,Yes,13
12044,438,1282,Lake,Fall,Yes,4
12045,438,1282,Lake,Fall,Yes,5
12046,438,1282,Lake,Fall,Yes,2
12047,438,1282,Lake,Fall,Yes,2
12048,438,1282,Lake,Fall,Yes,8
12049,438,1282,Lake,Fall,Yes,5
12050,438,1282,Lake,Fall,Yes,8
12051,438,1282,Lake,Fall,Yes,2
12052,438,1282,Lake,Fall,Yes,2
12057,438,1282,Lake,Fall,Yes,10
12058,438,1282,Lake,Fall,Yes,5
12059,438,1282,Lake,Fall,Yes,2
12060,438,1282,Lake,Fall,Yes,7
12061,438,1282,Lake,Fall,Yes,7
12062,438,1282,Lake,Fall,Yes,17
12064,438,1282,Lake,Fall,Yes,6
12065,438,1282,Lake,Fall,Yes,14
12066,438,1282,Lake,Fall,Yes,5
12067,438,1282,Lake,Fall,Yes,5
12068,438,1282,Lake,Fall,Yes,6
12071,438,1282,Lake,Fall,Yes,14
12072,438,1282,Lake,Fall,Yes,6
12073,438,1282,Lake,Fall,Yes,4
12074,438,1282,Lake,Fall,Yes,10
12075,438,1282,Lake,Fall,Yes,6
12079,438,1282,Lake,Fall,Yes,19
12080,438,1282,Lake,Fall,Yes,4
12081,438,1282,Lake,Fall,Yes,8
12082,438,1282,Lake,Fall,Yes,3
12083,438,1282,Lake,Fall,Yes,4
12084,438,1282,Lake,Fall,Yes,4
12085,438,1282,Lake,Fall,Yes,14
12086,438,1282,Lake,Fall,Yes,3
12088,438,1282,Lake,Fall,Yes,10
12089,438,1282,Lake,Fall,Yes,5
12090,438,1282,Lake,Fall,Yes,5
12091,438,1282,Lake,Fall,Yes,5
12093,438,1282,Lake,Fall,Yes,7
12094,438,1282,Lake,Fall,Yes,16
12095,438,1282,Lake,Fall,Yes,4
12096,438,1282,Lake,Fall,Yes,6
12097,438,1282,Lake,Fall,Yes,12
12098,438,1282,Lake,Fall,Yes,4
12099,438,1282,Lake,Fall,Yes,2
12100,438,1282,Lake,Fall,Yes,5
12102,438,1282,Lake,Fall,Yes,4
12104,438,1282,Lake,Fall,Yes,1
12105,438,1282,Lake,Fall,Yes,3
12106,438,1282,Lake,Fall,Yes,3
12107,438,1282,Lake,Fall,Yes,2
12108,438,1282,Lake,Fall,Yes,3
12109,438,1282,Lake,Fall,Yes,1
12110,438,1282,Lake,Fall,Yes,4
12111,438,1282,Lake,Fall,Yes,2
12112,438,1282,Lake,Fall,Yes,13
12113,438,1282,Lake,Fall,Yes,3
12114,438,1282,Lake,Fall,Yes,3
12115,438,1282,Lake,Fall,Yes,8
12116,438,1282,Lake,Fall,Yes,5
12117,438,1282,Lake,Fall,Yes,4
12118,438,1282,Lake,Fall,Yes,9
12119,438,1282,Lake,Fall,Yes,4
12122,438,1282,Lake,Fall,Yes,5
12124,438,1282,Lake,Fall,Yes,5
12125,438,1282,Lake,Fall,Yes,4
12126,438,1282,Lake,Fall,Yes,4
12127,438,1282,Lake,Fall,Yes,4
12128,438,1282,Lake,Fall,Yes,5
12129,438,1282,Lake,Fall,Yes,10
12130,438,1282,Lake,Fall,Yes,10
12131,438,1282,Lake,Fall,Yes,29
12133,438,1282,Lake,Fall,Yes,4
12571,440,1282,Lake,Fall,Yes,1
12573,440,1282,Lake,Fall,Yes,1
12583,454,1284,Lake,Fall,Yes,2
12584,454,1284,Lake,Fall,Yes,9
12652,456,1284,Lake,Fall,Yes,2
12654,456,1284,Lake,Fall,Yes,2
12655,456,1284,Lake,Fall,Yes,2
12657,456,1284,Lake,Fall,Yes,1
12658,456,1284,Lake,Fall,Yes,7
12659,456,1284,Lake,Fall,Yes,3
12660,456,1284,Lake,Fall,Yes,2
12661,456,1284,Lake,Fall,Yes,3
12662,456,1284,Lake,Fall,Yes,4
12663,456,1284,Lake,Fall,Yes,3
12664,456,1284,Lake,Fall,Yes,2
12665,456,1284,Lake,Fall,Yes,19
12666,456,1284,Lake,Fall,Yes,11
12668,456,1284,Lake,Fall,Yes,2
12671,456,1284,Lake,Fall,Yes,1
12675,456,1284,Lake,Fall,Yes,2
12676,456,1284,Lake,Fall,Yes,1
12677,456,1284,Lake,Fall,Yes,4
12678,456,1284,Lake,Fall,Yes,2
12679,456,1284,Lake,Fall,Yes,5
12680,456,1284,Lake,Fall,Yes,6
12681,456,1284,Lake,Fall,Yes,2
12682,456,1284,Lake,Fall,Yes,2
12683,456,1284,Lake,Fall,Yes,2
12685,456,1284,Lake,Fall,Yes,1
12686,456,1284,Lake,Fall,Yes,2
12687,456,1284,Lake,Fall,Yes,2
12688,456,1284,Lake,Fall,Yes,2
12689,456,1284,Lake,Fall,Yes,1
12690,456,1284,Lake,Fall,Yes,1
12692,456,1284,Lake,Fall,Yes,2
12693,456,1284,Lake,Fall,Yes,3
12694,456,1284,Lake,Fall,Yes,3
12695,456,1284,Lake,Fall,Yes,4
12697,456,1284,Lake,Fall,Yes,2
12700,456,1284,Lake,Fall,Yes,7
12702,456,1284,Lake,Fall,Yes,17
12787,434,1397,Pond,Fall,Yes,1
12789,434,1397,Pond,Fall,Yes,2
12790,434,1397,Pond,Fall,Yes,2
12791,434,1397,Pond,Fall,Yes,1
12795,435,1397,Pond,Fall,Yes,2
12799,435,1397,Pond,Fall,Yes,2
12805,435,1397,Pond,Fall,Yes,7
12806,435,1397,Pond,Fall,Yes,2
12808,435,1397,Pond,Fall,Yes,3
12809,435,1397,Pond,Fall,Yes,2
12810,436,1397,Pond,Fall,Yes,30
13402,452,3348,Pond,Fall,Yes,12
13403,452,3348,Pond,Fall,Yes,9
13405,452,3348,Pond,Fall,Yes,5
13407,452,3348,Pond,Fall,Yes,2
13410,452,3348,Pond,Fall,Yes,1
13412,452,3348,Pond,Fall,Yes,7
13416,452,3348,Pond,Fall,Yes,2
13417,452,3348,Pond,Fall,Yes,5
13418,452,3348,Pond,Fall,Yes,5
13419,452,3348,Pond,Fall,Yes,2
13506,478,197,Pond,Fall,Yes,10
13508,478,197,Pond,Fall,Yes,9
13512,478,197,Pond,Fall,Yes,3
13514,478,197,Pond,Fall,Yes,7
13515,478,197,Pond,Fall,Yes,5
13516,478,197,Pond,Fall,Yes,11
13517,478,197,Pond,Fall,Yes,7
13518,478,197,Pond,Fall,Yes,5
13519,478,197,Pond,Fall,Yes,22
13520,478,197,Pond,Fall,Yes,5
13522,478,197,Pond,Fall,Yes,3
13523,478,197,Pond,Fall,Yes,3
13524,478,197,Pond,Fall,Yes,5
13525,478,197,Pond,Fall,Yes,5
13528,478,197,Pond,Fall,Yes,29
13529,478,197,Pond,Fall,Yes,13
13530,478,197,Pond,Fall,Yes,5
13531,478,197,Pond,Fall,Yes,5
13542,478,197,Pond,Fall,Yes,2
13545,478,197,Pond,Fall,Yes,3
13549,478,197,Pond,Fall,Yes,2
13552,478,197,Pond,Fall,Yes,4
13553,478,197,Pond,Fall,Yes,4
13554,478,197,Pond,Fall,Yes,6
13556,478,197,Pond,Fall,Yes,3
13563,478,197,Pond,Fall,Yes,6
13564,478,197,Pond,Fall,Yes,4
13565,478,197,Pond,Fall,Yes,10
13566,478,197,Pond,Fall,Yes,26
13569,478,197,Pond,Fall,Yes,6
13571,478,197,Pond,Fall,Yes,6
13575,478,197,Pond,Fall,Yes,13
13577,478,197,Pond,Fall,Yes,8
13578,478,197,Pond,Fall,Yes,23
13579,478,197,Pond,Fall,Yes,15
13580,478,197,Pond,Fall,Yes,8
13581,478,197,Pond,Fall,Yes,3
13583,478,197,Pond,Fall,Yes,4
13584,478,197,Pond,Fall,Yes,3
13585,478,197,Pond,Fall,Yes,2
13587,478,197,Pond,Fall,Yes,4
13588,478,197,Pond,Fall,Yes,7
13589,478,197,Pond,Fall,Yes,18
13594,478,197,Pond,Fall,Yes,17
13599,479,197,Pond,Fall,Yes,3
13601,479,197,Pond,Fall,Yes,14
13604,479,197,Pond,Fall,Yes,3
13605,480,197,Pond,Fall,Yes,2
13606,480,197,Pond,Fall,Yes,3
13609,480,197,Pond,Fall,Yes,3
13610,480,197,Pond,Fall,Yes,3
13611,480,197,Pond,Fall,Yes,4
13612,480,197,Pond,Fall,Yes,3
13613,480,197,Pond,Fall,Yes,4
13614,480,197,Pond,Fall,Yes,2
13615,480,197,Pond,Fall,Yes,4
13618,480,197,Pond,Fall,Yes,3
13619,480,197,Pond,Fall,Yes,4
13621,480,197,Pond,Fall,Yes,2
13622,480,197,Pond,Fall,Yes,13
13624,480,197,Pond,Fall,Yes,14
13627,480,197,Pond,Fall,Yes,2
13628,480,197,Pond,Fall,Yes,15
13630,480,197,Pond,Fall,Yes,20
13631,480,197,Pond,Fall,Yes,3
13635,480,197,Pond,Fall,Yes,2
13660,467,1794,Lake,Fall,Yes,1
13664,468,1794,Lake,Fall,Yes,1
13665,468,1794,Lake,Fall,Yes,2
13676,471,1913,Pond,Fall,Yes,4
13677,471,1913,Pond,Fall,Yes,3
13678,471,1913,Pond,Fall,Yes,3
13679,471,1913,Pond,Fall,Yes,4
13680,471,1913,Pond,Fall,Yes,13
13681,471,1913,Pond,Fall,Yes,5
13687,471,1913,Pond,Fall,Yes,2
13689,471,1913,Pond,Fall,Yes,2
13690,471,1913,Pond,Fall,Yes,12
13691,471,1913,Pond,Fall,Yes,20
13698,471,1913,Pond,Fall,Yes,1
13700,471,1913,Pond,Fall,Yes,2
13701,471,1913,Pond,Fall,Yes,1
13705,471,1913,Pond,Fall,Yes,1
13708,471,1913,Pond,Fall,Yes,6
13709,471,1913,Pond,Fall,Yes,3
13710,471,1913,Pond,Fall,Yes,2
13712,471,1913,Pond,Fall,Yes,3
13716,471,1913,Pond,Fall,Yes,5
13720,471,1913,Pond,Fall,Yes,3
13724,471,1913,Pond,Fall,Yes,3
13733,470,1913,Pond,Fall,Yes,4
13737,470,1913,Pond,Fall,Yes,2
13742,470,1913,Pond,Fall,Yes,14
13743,470,1913,Pond,Fall,Yes,2
13745,470,1913,Pond,Fall,Yes,2
13747,470,1913,Pond,Fall,Yes,5
13748,470,1913,Pond,Fall,Yes,5
13750,470,1913,Pond,Fall,Yes,10
13751,470,1913,Pond,Fall,Yes,7
13753,470,1913,Pond,Fall,Yes,4
13754,470,1913,Pond,Fall,Yes,21
13755,470,1913,Pond,Fall,Yes,23
13756,470,1913,Pond,Fall,Yes,2
13759,470,1913,Pond,Fall,Yes,5
13760,470,1913,Pond,Fall,Yes,4
13761,470,1913,Pond,Fall,Yes,4
13764,470,1913,Pond,Fall,Yes,3
13765,470,1913,Pond,Fall,Yes,2
13766,470,1913,Pond,Fall,Yes,17
13768,470,1913,Pond,Fall,Yes,2
13770,470,1913,Pond,Fall,Yes,2
13772,470,1913,Pond,Fall,Yes,19
13773,470,1913,Pond,Fall,Yes,5
13775,470,1913,Pond,Fall,Yes,23
13779,470,1913,Pond,Fall,Yes,1
13785,470,1913,Pond,Fall,Yes,1
13789,470,1913,Pond,Fall,Yes,1
13794,470,1913,Pond,Fall,Yes,1
13795,470,1913,Pond,Fall,Yes,25
13797,470,1913,Pond,Fall,Yes,3
13806,469,1913,Pond,Fall,Yes,3
13807,469,1913,Pond,Fall,Yes,2
13808,469,1913,Pond,Fall,Yes,5
13810,469,1913,Pond,Fall,Yes,4
13812,469,1913,Pond,Fall,Yes,14
13821,469,1913,Pond,Fall,Yes,1
13822,469,1913,Pond,Fall,Yes,3
13824,469,1913,Pond,Fall,Yes,17
13829,469,1913,Pond,Fall,Yes,4
13832,469,1913,Pond,Fall,Yes,3
13833,469,1913,Pond,Fall,Yes,1
13835,469,1913,Pond,Fall,Yes,7
13837,469,1913,Pond,Fall,Yes,3
13838,469,1913,Pond,Fall,Yes,2
14058,474,3224,Pond,Fall,Yes,7
14059,474,3224,Pond,Fall,Yes,16
14062,474,3224,Pond,Fall,Yes,12
14087,474,3224,Pond,Fall,Yes,3
14092,474,3224,Pond,Fall,Yes,8
14094,474,3224,Pond,Fall,Yes,2
14096,474,3224,Pond,Fall,Yes,2
14097,474,3224,Pond,Fall,Yes,12
14101,474,3224,Pond,Fall,Yes,2
14102,474,3224,Pond,Fall,Yes,3
14103,474,3224,Pond,Fall,Yes,3
14106,475,3224,Pond,Fall,Yes,3
14108,475,3224,Pond,Fall,Yes,2
14109,475,3224,Pond,Fall,Yes,2
14110,475,3224,Pond,Fall,Yes,2
14117,475,3224,Pond,Fall,Yes,4
14122,475,3224,Pond,Fall,Yes,7
14128,476,3224,Pond,Fall,Yes,2
14131,476,3224,Pond,Fall,Yes,6
14132,476,3224,Pond,Fall,Yes,21
14134,476,3224,Pond,Fall,Yes,25
14552,241,1007,Lake,Spring,Yes,6
14553,241,1007,Lake,Spring,Yes,12
14555,241,1007,Lake,Spring,Yes,6
14569,255,1115,Pond,Spring,Yes,5
14570,255,1115,Pond,Spring,Yes ,9
14576,245,3224,Pond,Spring,Yes,1
14577,245,3224,Pond,Spring,Yes,3
14605,247,3224,Pond,Spring,Yes,9
14607,247,3224,Pond,Spring,Yes,26
14608,247,3224,Pond,Spring,Yes,14
14609,247,3224,Pond,Spring,Yes,18
14610,247,3224,Pond,Spring,Yes,5
14620,248,3224,Pond,Spring,Yes,6
14628,248,3224,Pond,Spring,Yes,3
14629,248,3224,Pond,Spring,Yes,5
14634,248,3224,Pond,Spring,Yes,3
14635,248,3224,Pond,Spring,Yes,3
14636,248,3224,Pond,Spring,Yes,4
14643,248,3224,Pond,Spring,Yes,5
14644,248,3224,Pond,Spring,Yes,5
14645,248,3224,Pond,Spring,Yes,6
14646,248,3224,Pond,Spring,Yes,6
14647,248,3224,Pond,Spring,Yes,15
14649,248,3224,Pond,Spring,Yes,13
14651,248,3224,Pond,Spring,Yes,8
14654,248,3224,Pond,Spring,Yes,3
14655,248,3224,Pond,Spring,Yes,8
14656,248,3224,Pond,Spring,Yes,2
14657,248,3224,Pond,Spring,Yes,1
14658,248,3224,Pond,Spring,Yes,2
14659,248,3224,Pond,Spring,Yes,2
14660,248,3224,Pond,Spring,Yes,2
14662,248,3224,Pond,Spring,Yes,1
14663,248,3224,Pond,Spring,Yes,5
14664,248,3224,Pond,Spring,Yes,7
14666,248,3224,Pond,Spring,Yes,5
14667,248,3224,Pond,Spring,Yes,4
14669,248,3224,Pond,Spring,Yes,3
14670,248,3224,Pond,Spring,Yes,2
14671,248,3224,Pond,Spring,Yes,1
14672,248,3224,Pond,Spring,Yes,4
14675,248,3224,Pond,Spring,Yes,9
14677,248,3224,Pond,Spring,Yes,6
14679,248,3224,Pond,Spring,Yes,4
14681,248,3224,Pond,Spring,Yes,4
14682,248,3224,Pond,Spring,Yes,5
14684,248,3224,Pond,Spring,Yes,2
14686,248,3224,Pond,Spring,Yes,3
14687,248,3224,Pond,Spring,Yes,4
14688,248,3224,Pond,Spring,Yes,25
14689,248,3224,Pond,Spring,Yes ,20
14690,248,3224,Pond,Spring,Yes,2
14691,248,3224,Pond,Spring,Yes,3
14693,248,3224,Pond,Spring,Yes,8
14694,248,3224,Pond,Spring,Yes,3
14695,248,3224,Pond,Spring,Yes,3
14696,248,3224,Pond,Spring,Yes ,5
14699,248,3224,Pond,Spring,Yes,13
14700,248,3224,Pond,Spring,Yes,4
14705,248,3224,Pond,Spring,Yes,2
14714,248,3224,Pond,Spring,Yes,2
14749,256,1115,Pond,Spring,Yes,16
14751,256,1115,Pond,Spring,Yes,3
14756,256,1115,Pond,Spring,Yes,4
14758,256,1115,Pond,Spring,Yes,2
14759,256,1115,Pond,Spring,Yes,2
14760,256,1115,Pond,Spring,Yes,4
14763,256,1115,Pond,Spring,Yes,8
14764,256,1115,Pond,Spring,Yes,8
14765,256,1115,Pond,Spring,Yes,6
14766,256,1115,Pond,Spring,Yes,9
14769,256,1115,Pond,Spring,Yes,4
14771,256,1115,Pond,Spring,Yes,8
14772,256,1115,Pond,Spring,Yes,4
14774,256,1115,Pond,Spring,Yes,3
14775,256,1115,Pond,Spring,Yes,9
14780,256,1115,Pond,Spring,Yes,5
14781,256,1115,Pond,Spring,Yes,6
14782,256,1115,Pond,Spring,Yes ,3
14785,269,1152,Pond,Spring,Yes,1
14980,265,1794,Lake,Spring,Yes,3
14981,265,1794,Lake,Spring,Yes,4
14982,265,1794,Lake,Spring,Yes,11
14984,265,1794,Lake,Spring,Yes,7
14985,265,1794,Lake,Spring,Yes,6
14986,265,1794,Lake,Spring,Yes,3
14987,265,1794,Lake,Spring,Yes,4
14988,265,1794,Lake,Spring,Yes,6
14989,265,1794,Lake,Spring,Yes,4
14990,265,1794,Lake,Spring,Yes,5
14991,265,1794,Lake,Spring,Yes,4
14993,265,1794,Lake,Spring,Yes,16
14998,265,1794,Lake,Spring,Yes,1
14999,265,1794,Lake,Spring,Yes,2
15002,265,1794,Lake,Spring,Yes,3
15004,265,1794,Lake,Spring,Yes,16
15005,265,1794,Lake,Spring,Yes,1
15006,265,1794,Lake,Spring,Yes,8
15007,265,1794,Lake,Spring,Yes,5
15011,271,1152,Pond,Spring,Yes,2
15013,271,1152,Pond,Spring,Yes,4
15014,271,1152,Pond,Spring,Yes,5
15015,271,1152,Pond,Spring,Yes,1
15016,271,1152,Pond,Spring,Yes,5
15018,271,1152,Pond,Spring,Yes,4
15019,271,1152,Pond,Spring,Yes,2
15022,271,1152,Pond,Spring,Yes,3
15024,271,1152,Pond,Spring,Yes,1
15025,271,1152,Pond,Spring,Yes,1
15026,271,1152,Pond,Spring,Yes,1
15030,272,1152,Pond,Spring,Yes,1
15031,272,1152,Pond,Spring,Yes,4
15033,272,1152,Pond,Spring,Yes,2
15036,272,1152,Pond,Spring,Yes,11
15037,272,1152,Pond,Spring,Yes,5
15039,272,1152,Pond,Spring,Yes,6
15046,278,1519,Lake ,Spring,Yes,3
15052,278,1519,Lake ,Spring,Yes,10
15053,278,1519,Lake ,Spring,Yes,10
15054,278,1519,Lake ,Spring,Yes,1
15057,278,1519,Lake ,Spring,Yes,8
15059,278,1519,Lake ,Spring,Yes,8
15060,278,1519,Lake ,Spring,Yes,14
15061,278,1519,Lake ,Spring,Yes,10
15062,278,1519,Lake ,Spring,Yes,9
15063,278,1519,Lake ,Spring,Yes,18
15070,278,1519,Lake ,Spring,Yes,4
15075,278,1519,Lake ,Spring,Yes,5
15077,278,1519,Lake ,Spring,Yes,6
15078,278,1519,Lake ,Spring,Yes,8
15080,279,1519,Lake ,Spring,Yes,5
15084,279,1519,Lake ,Spring,Yes,7
15099,268,1794,Lake ,Spring,Yes,6
15201,274,3558,Pond ,Spring,Yes,3
15207,274,3558,Pond ,Spring,Yes,4
15211,274,3558,Pond ,Spring,Yes,2
15217,275,3558,Pond ,Spring,Yes,1
15218,275,3558,Pond ,Spring,Yes,5
15220,275,3558,Pond ,Spring,Yes,5
15221,275,3558,Pond ,Spring,Yes,2
15222,275,3558,Pond ,Spring,Yes ,3
15225,275,3558,Pond ,Spring,Yes,9
15230,276,3558,Pond ,Spring,Yes,1
15231,276,3558,Pond ,Spring,Yes,2
15234,276,3558,Pond ,Spring,Yes,4
15237,276,3558,Pond ,Spring,Yes,3
15240,276,3558,Pond ,Spring,Yes,1
15241,276,3558,Pond ,Spring,Yes,3
15243,276,3558,Pond ,Spring,Yes,1
15245,276,3558,Pond ,Spring,Yes,4
15246,276,3558,Pond ,Spring,Yes,1
15247,276,3558,Pond ,Spring,Yes,3
15299,377,625,Lake,Summer,Yes,4
15301,378,625,Lake,Summer,Yes,3
15302,378,625,Lake,Summer,Yes,3
15304,378,625,Lake,Summer,Yes,1
15729,362,1282,Lake ,Summer,Yes,1
15731,362,1282,Lake ,Summer,Yes,4
15732,362,1282,Lake ,Summer,Yes,1
15733,362,1282,Lake ,Summer,Yes,2
15734,362,1282,Lake ,Summer,Yes,2
15735,362,1282,Lake ,Summer,Yes,3
15736,362,1282,Lake ,Summer,Yes,6
15737,362,1282,Lake ,Summer,Yes,6
15739,362,1282,Lake ,Summer,Yes,1
15740,362,1282,Lake ,Summer,Yes,2
15741,362,1282,Lake ,Summer,Yes,2
15742,362,1282,Lake ,Summer,Yes,3
15743,362,1282,Lake ,Summer,Yes,2
15744,362,1282,Lake ,Summer,Yes,3
15745,362,1282,Lake ,Summer,Yes,11
15747,362,1282,Lake ,Summer,Yes,6
15748,362,1282,Lake ,Summer,Yes,6
15749,362,1282,Lake ,Summer,Yes,4
15750,362,1282,Lake ,Summer,Yes,3
15751,362,1282,Lake ,Summer,Yes,16
15752,362,1282,Lake ,Summer,Yes,15
15753,362,1282,Lake ,Summer,Yes,2
15754,362,1282,Lake ,Summer,Yes,11
15755,362,1282,Lake ,Summer,Yes,8
15756,362,1282,Lake ,Summer,Yes,7
15757,362,1282,Lake ,Summer,Yes,7
15758,362,1282,Lake ,Summer,Yes,7
15759,362,1282,Lake ,Summer,Yes,2
15760,362,1282,Lake ,Summer,Yes,2
15762,362,1282,Lake ,Summer,Yes,9
15764,362,1282,Lake ,Summer,Yes,3
15767,362,1282,Lake ,Summer,Yes,1
15768,362,1282,Lake ,Summer,Yes,8
15771,362,1282,Lake ,Summer,Yes,24
15772,362,1282,Lake ,Summer,Yes,8
15777,362,1282,Lake ,Summer,Yes,5
15778,362,1282,Lake ,Summer,Yes,17
15779,362,1282,Lake ,Summer,Yes,5
15780,362,1282,Lake ,Summer,Yes,6
15781,362,1282,Lake ,Summer,Yes,2
15785,363,1282,Lake ,Summer,Yes,4
15790,363,1282,Lake ,Summer,Yes,5
15792,363,1282,Lake ,Summer,Yes,2
15796,363,1282,Lake ,Summer,Yes,5
15798,363,1282,Lake ,Summer,Yes,3
15801,363,1282,Lake ,Summer,Yes,2
15802,363,1282,Lake ,Summer,Yes,4
15803,363,1282,Lake ,Summer,Yes,2
15804,363,1282,Lake ,Summer,Yes,9
15805,363,1282,Lake ,Summer,Yes,8
15808,363,1282,Lake ,Summer,Yes,8
15809,363,1282,Lake ,Summer,Yes,5
15810,363,1282,Lake ,Summer,Yes,7
15811,363,1282,Lake ,Summer,Yes,2
15814,363,1282,Lake ,Summer,Yes,8
15818,363,1282,Lake ,Summer,Yes,3
15820,363,1282,Lake ,Summer,Yes,12
15821,363,1282,Lake ,Summer,Yes,6
15824,363,1282,Lake ,Summer,Yes,7
15826,363,1282,Lake ,Summer,Yes,6
15844,381,1397,Pond ,Summer,Yes,4
15846,381,1397,Pond ,Summer,Yes,11
15847,381,1397,Pond ,Summer,Yes,7
15848,381,1397,Pond ,Summer,Yes,8
15849,381,1397,Pond ,Summer,Yes,5
15850,382,1397,Pond ,Summer,Yes,3
15851,382,1397,Pond ,Summer,Yes,3
15852,382,1397,Pond ,Summer,Yes,4
15857,382,1397,Pond ,Summer,Yes,2
15892,384,1397,Pond ,Summer,Yes,10
15893,384,1397,Pond ,Summer,Yes,6
15894,384,1397,Pond ,Summer,Yes,3